d,Close,111dma
2024-06-02,67805.4855742256,64334.045325988176
