d,Close,111dma
2026-06-30,58525.0753614845,71322.37911721345
