d,Close,111dma
2024-01-30,42950.0541277031,38947.294129356414
