d,Close,111dma
2026-05-14,81175.8271116306,73047.63728049294
