d,Close,111dma
2026-04-30,76299.6161285798,74586.3330035699
