d,Close,111dma
2026-06-20,64220.5363933372,72067.28295349538
