d,Close,111dma
2026-06-05,60907.6055536879,72525.97584037996
