d,Close,111dma
2024-01-31,42589.4708059614,39090.070077166296
