d,Close,111dma
2026-05-02,78712.5387317358,74367.61078546343
