d,Close,111dma
2026-05-07,79988.9987343659,73703.11298570721
