d,Close,111dma
2026-06-28,59516.6736531268,71515.9814891602
