d,Close,111dma
2026-06-02,66540.6926785798,72671.0301494499
