d,Close,111dma
2024-09-04,58033.3989704851,63440.61440298072
