d,Close,111dma
2026-06-11,63475.3191592987,72232.74630350037
