d,Close,111dma
2026-06-08,63109.6166975745,72365.53469747919
