d,Close,111dma
2024-06-18,65112.1230020456,66559.94888707147
