d,Close,111dma
2026-05-08,80179.6922957335,73568.63291213188
