d,Close,111dma
2026-05-11,81714.7420499708,73294.85830178864
