d,Close,111dma
2026-05-12,80525.563024547,73213.11236619962
