d,Close,111dma
2026-05-09,80663.6296519579,73446.13111231776
