d,Close,111dma
2026-06-17,64400.725126242,72141.1591256459
