d,Close,111dma
2026-05-21,77595.3861717446,72440.14874467201
