d,Close,111dma
2026-05-28,73500.5305338925,72554.70671929595
