d,Close,111dma
2026-06-06,60771.611314325,72455.17990649068
