d,Close,111dma
2026-06-12,63475.6376139684,72191.8000859573
