d,Close,111dma
2026-05-23,76619.8666090415,72409.28362550316
