d,Close,111dma
2026-05-20,77408.1722089421,72498.00142807273
