d,Close,111dma
2026-05-01,78132.6437852133,74475.76094387403
