d,Close,111dma
2026-06-22,63923.5748693746,71976.6092006692
