d,Close,111dma
2025-03-29,82497.1792472238,94599.08798397493
