d,Close,111dma
2026-05-17,77497.697113384,72784.19082209181
