d,Close,111dma
2026-06-19,63307.2784012274,72080.91344778774
