d,Close,111dma
2024-05-16,65269.2603246639,60655.998395609226
