d,Close,111dma
2026-05-24,76950.9896316365,72393.37720949193
