d,Close,111dma
2024-06-20,64897.7011542957,66612.71673966806
