d,Close,111dma
2024-06-21,64086.0489228521,66631.06299515588
