d,Close,111dma
2026-05-06,81364.6201285798,73842.7538075621
