d,Close,111dma
2026-06-15,66222.5866309585,72190.87909766322
