d,Close,111dma
2026-05-10,82256.781137931,73353.6134472149
