d,Close,111dma
2026-06-23,62593.34893045,71885.8514157402
