d,Close,111dma
2026-04-28,76295.531117183,74852.47618737792
