d,Close,111dma
2026-05-25,77244.5722896786,72407.42951815785
