d,Close,111dma
2026-06-27,59955.5660201637,71597.16946048249
