d,Close,111dma
2026-06-03,64232.5802701052,72653.11155448225
