d,Close,111dma
2026-06-25,59863.4211537113,71719.7025540951
