d,Close,111dma
2026-06-04,63639.2504696786,72606.07019688157
