d,Close,111dma
2026-03-28,66351.0725251315,79382.60878987053
