d,Close,111dma
2025-01-19,100954.572281999,85881.66989585933
