d,Close,111dma
2026-06-14,65615.3266107481,72171.97066925842
