d,Close,111dma
2026-05-16,78164.4952711864,72881.84629450404
