d,Close,111dma
2026-05-18,76975.9111998831,72673.51992713813
