d,Close,111dma
2026-06-10,61435.0773408358,72273.30477288734
