d,Close,111dma
2026-05-30,73731.4811337376,72621.06282373422
