d,Close,111dma
2026-05-31,73599.5607413209,72651.29218377023
