d,Close,111dma
2026-06-09,61640.4602024664,72322.82977172543
