d,Close,111dma
2026-06-13,64423.5445433314,72163.6336036733
