d,Close,111dma
2026-05-05,80936.7548252484,73970.51524548628
