d,Close,111dma
2026-05-13,79291.9110017534,73122.08723346023
