d,Close,111dma
2026-05-19,76807.460956166,72562.075528088
