d,Close,111dma
2026-06-07,63158.25397737,72404.82689701978
