d,Close,111dma
2026-04-29,75795.0098530099,74714.62117564409
