d,Close,111dma
2026-06-21,63365.4368950906,72017.21820212244
