d,Close,111dma
2026-05-27,74268.7756418995,72529.00552726879
