d,Close,111dma
2024-09-03,57637.7754444769,63505.80234310845
