d,Close,111dma
2026-06-29,60175.460563121,71428.44668470467
