d,Close,111dma
2026-04-27,77256.297159848,74986.83136885073
