d,Close,111dma
2026-05-03,78649.1732893045,74255.07045609754
