d,Close,111dma
2026-06-24,60908.1877729398,71795.04745714953
