d,Close,111dma
2026-05-26,75816.0412797019,72431.9416786539
