d,Close,111dma
2026-05-29,73322.8951406751,72592.15388774859
