d,Close,111dma
2026-05-22,75567.5430431093,72411.90692071237
