d,Close,111dma
2026-06-18,62835.2224827586,72113.87161812962
