d,Close,111dma
2026-05-04,79826.107817066,74115.62549684342
