d,Close,111dma
2026-05-15,79063.4145756868,72956.45147758017
