d,Close,111dma
2026-06-01,71328.7312172998,72675.07540993163
