d,Close,111dma
2026-06-26,59961.5113755114,71653.44992762673
