d,Close,350dma_x2
2024-06-02,67805.4855742256,87357.77979022292
