d,Close,350dma_x2
2026-06-14,65615.3266107481,184184.94142984334
