d,Close,350dma_x2
2026-05-01,78132.6437852133,192422.94631050885
