d,Close,350dma_x2
2026-06-08,63109.6166975745,185687.94751903502
