d,Close,350dma_x2
2026-05-09,80663.6296519579,191178.46366699875
