d,Close,350dma_x2
2024-06-18,65112.1230020456,90894.9058106621
