d,Close,350dma_x2
2026-06-24,60908.1877729398,181624.98292279505
