d,Close,350dma_x2
2026-05-21,77595.3861717446,189322.57594960663
