d,Close,350dma_x2
2025-03-29,82497.1792472238,152122.75428168825
