d,Close,350dma_x2
2026-06-02,66540.6926785798,187087.51041264352
