d,Close,350dma_x2
2026-06-30,58525.0753614845,179628.6463650911
