d,Close,350dma_x2
2026-06-17,64400.725126242,183468.45493952045
