d,Close,350dma_x2
2024-09-03,57637.7754444769,105521.84595512731
