d,Close,350dma_x2
2025-01-19,100954.572281999,140005.41075886614
