d,Close,350dma_x2
2026-06-13,64423.5445433314,184429.20185890407
