d,Close,350dma_x2
2024-06-20,64897.7011542957,91282.56929781413
