d,Close,350dma_x2
2026-05-05,80936.7548252484,191831.00164903267
