d,Close,350dma_x2
2026-06-26,59961.5113755114,180975.4539151287
