d,Close,350dma_x2
2026-05-26,75816.0412797019,188443.1056266001
