d,Close,350dma_x2
2026-05-29,73322.8951406751,187874.09195711516
