d,Close,350dma_x2
2026-06-12,63475.6376139684,184674.53941677784
