d,Close,350dma_x2
2026-05-14,81175.8271116306,190401.22513366656
