d,Close,350dma_x2
2026-05-10,82256.781137931,191026.1316931673
