d,Close,350dma_x2
2026-06-23,62593.34893045,181913.60360249277
