d,Close,350dma_x2
2024-06-19,64878.7141525424,91087.72499096602
