d,Close,350dma_x2
2026-06-06,60771.611314325,186145.8235817341
