d,Close,350dma_x2
2026-05-20,77408.1722089421,189460.14054574972
