d,Close,350dma_x2
2024-01-30,42950.0541277031,61991.97072555164
