d,Close,350dma_x2
2026-06-07,63158.25397737,185930.1608378793
