d,Close,350dma_x2
2026-05-13,79291.9110017534,190541.55159526964
