d,Close,350dma_x2
2026-05-16,78164.4952711864,190107.15452074513
