d,Close,350dma_x2
2026-05-15,79063.4145756868,190258.83720005382
