d,Close,350dma_x2
2026-06-09,61640.4602024664,185434.66977655332
