d,Close,350dma_x2
2026-06-28,59516.6736531268,180307.96894384036
