d,Close,350dma_x2
2026-05-12,80525.563024547,190705.0001175423
