d,Close,350dma_x2
2026-05-25,77244.5722896786,188638.86607118367
