d,Close,350dma_x2
2026-05-17,77497.697113384,189945.71187725343
