d,Close,350dma_x2
2026-05-02,78712.5387317358,192283.07486689024
