d,Close,350dma_x2
2024-05-16,65269.2603246639,83283.96454898555
