d,Close,350dma_x2
2026-06-04,63639.2504696786,186620.93180089523
