d,Close,350dma_x2
2026-06-25,59863.4211537113,181304.92302205195
