d,Close,350dma_x2
2026-06-21,63365.4368950906,182431.82708196345
