d,Close,350dma_x2
2026-06-18,62835.2224827586,183201.04387298293
