d,Close,350dma_x2
2026-05-31,73599.5607413209,187510.38416108687
