d,Close,350dma_x2
2026-04-27,77256.297159848,193042.82164606202
