d,Close,350dma_x2
2026-05-30,73731.4811337376,187692.74551363793
