d,Close,350dma_x2
2026-05-11,81714.7420499708,190868.09030389783
