d,Close,350dma_x2
2026-06-19,63307.2784012274,182945.1917737978
