d,Close,350dma_x2
2026-05-06,81364.6201285798,191669.05744622732
