d,Close,350dma_x2
2026-03-28,66351.0725251315,196563.9640489909
