d,Close,350dma_x2
2024-06-21,64086.0489228521,91474.50202235451
