d,Close,350dma_x2
2026-05-18,76975.9111998831,189780.43310167192
