d,Close,350dma_x2
2026-06-10,61435.0773408358,185172.55556021756
