d,Close,350dma_x2
2026-04-28,76295.531117183,192883.6777563016
