d,Close,350dma_x2
2026-04-30,76299.6161285798,192568.28131282827
