d,Close,350dma_x2
2026-06-22,63923.5748693746,182178.53664690795
