d,Close,350dma_x2
2024-01-31,42589.4708059614,62105.36675851649
