d,Close,350dma_x2
2026-05-07,79988.9987343659,191489.12592592172
