d,Close,350dma_x2
2026-06-20,64220.5363933372,182693.62461710916
