d,Close,350dma_x2
2026-06-27,59955.5660201637,180647.30073501013
