d,Close,350dma_x2
2026-05-28,73500.5305338925,188060.9601110963
