d,Close,350dma_x2
2026-06-11,63475.3191592987,184923.76982499025
