d,Close,350dma_x2
2024-09-04,58033.3989704851,105698.41735653835
