d,Close,350dma_x2
2026-05-04,79826.107817066,191979.32493715992
