d,Close,350dma_x2
2026-06-05,60907.6055536879,186378.83263926164
