d,Close,350dma_x2
2026-05-27,74268.7756418995,188246.6655699358
