d,Close,350dma_x2
2026-06-16,65638.1446884863,183722.89156461856
