d,Close,350dma_x2
2026-04-29,75795.0098530099,192724.94798607868
