d,Close,350dma_x2
2026-06-15,66222.5866309585,183951.05277552945
