d,Close,350dma_x2
2026-05-22,75567.5430431093,189157.69875814384
