d,Close,350dma_x2
2026-05-24,76950.9896316365,188827.1722793221
