d,Close,350dma_x2
2026-05-08,80179.6922957335,191334.1990877836
