d,Close,350dma_x2
2026-06-03,64232.5802701052,186855.62020259476
