d,Close,350dma_x2
2026-05-23,76619.8666090415,188991.61085075495
