d,Close,350dma_x2
2026-05-19,76807.460956166,189616.56724684348
