d,Close,350dma_x2
2026-05-03,78649.1732893045,192126.69477226384
