d,Close,350dma_x2
2026-06-01,71328.7312172998,187305.15443463717
