d,Close,350dma_x2
2026-06-29,60175.460563121,179966.85102592772
