d,price_usd,lth_realized_price
2011-06-01,9.623777232,
2011-06-02,10.7027602279,
2011-06-03,14.2646467738,
2011-06-04,18.3127387259,
2011-06-05,16.5433423963,
2011-06-06,18.4020986441,
2011-06-07,23.2378784629,
2011-06-08,29.0299213267,
2011-06-09,28.7905440181,
2011-06-10,24.0493992285,
2011-06-11,14.7497466277,
2011-06-12,18.8501447312,
2011-06-13,19.5423291146,
2011-06-14,19.2577355056,
2011-06-15,19.4641426242,
2011-06-16,17.9293625424,
2011-06-17,15.4363689129,
2011-06-18,16.8754045354,
2011-06-19,17.5107167914,
2011-06-20,17.5107167914,
2011-06-21,17.5107167914,
2011-06-22,17.5107167914,
2011-06-23,17.5107167914,
2011-06-24,17.5107167914,
2011-06-25,17.5107167914,
2011-06-26,16.3613420158,
2011-06-27,16.7522858133,
2011-06-28,16.9618353071,
2011-06-29,16.8545683179,
2011-06-30,16.1852627808,
2011-07-01,15.4203573992,
2011-07-02,15.3828440696,
2011-07-03,15.4575505605,
2011-07-04,13.8527968124,
2011-07-05,12.9648177148,
2011-07-06,14.7147835833,
2011-07-07,14.7972891613,
2011-07-08,14.299037697,
2011-07-09,14.3815006698,
2011-07-10,14.6229375511,
2011-07-11,14.3101554331,
2011-07-12,14.0212726216,
2011-07-13,13.9714545225,
2011-07-14,13.9979745476,
2011-07-15,13.8063904056,
2011-07-16,13.7130792992,
2011-07-17,13.2581353109,
2011-07-18,13.6305212504,
2011-07-19,13.8247948387,
2011-07-20,13.6783305921,
2011-07-21,13.6118084418,
2011-07-22,13.6985473311,
2011-07-23,13.6817183425,
2011-07-24,13.9925151765,
2011-07-25,14.0334253787,
2011-07-26,13.8780323232,
2011-07-27,13.8782247551,
2011-07-28,13.4915910757,
2011-07-29,13.5123163901,
2011-07-30,13.5402806739,
2011-07-31,13.3729061023,
2011-08-01,13.0191138469,
2011-08-02,12.2141564389,
2011-08-03,9.2863569135,
2011-08-04,10.7685037481,
2011-08-05,9.7301539597,
2011-08-06,6.9641697358,
2011-08-07,8.5017932922,
2011-08-08,7.7753376379,
2011-08-09,9.802499481,
2011-08-10,10.0512531274,
2011-08-11,9.4384129947,
2011-08-12,9.4529932852,
2011-08-13,10.0040247446,
2011-08-14,10.8068207665,
2011-08-15,11.13069655,
2011-08-16,10.9919655669,
2011-08-17,10.9639640561,
2011-08-18,10.8584714559,
2011-08-19,11.6704730432,
2011-08-20,11.4597317393,
2011-08-21,11.3544813407,
2011-08-22,10.9208958247,
2011-08-23,10.9172450544,
2011-08-24,10.8704442899,
2011-08-25,9.5460936736,
2011-08-26,8.1269201631,
2011-08-27,8.5964976067,
2011-08-28,9.0308663998,
2011-08-29,8.9611572706,
2011-08-30,8.8099487382,
2011-08-31,8.1991517645,
2011-09-01,8.2342816651,
2011-09-02,8.6214244378,
2011-09-03,8.4496534407,
2011-09-04,8.2034706023,
2011-09-05,7.5973325251,
2011-09-06,6.8465300289,
2011-09-07,7.1629702735,
2011-09-08,6.6781800003,
2011-09-09,4.9867770418,
2011-09-10,4.7428466552,
2011-09-11,5.8529039725,
2011-09-12,6.0906294722,
2011-09-13,5.802523277,
2011-09-14,5.5974326102,
2011-09-15,4.8677551847,
2011-09-16,4.8311681005,
2011-09-17,4.7752856353,
2011-09-18,5.2367322782,
2011-09-19,5.520376692,
2011-09-20,6.1466655517,
2011-09-21,5.597067498,
2011-09-22,5.4750487767,
2011-09-23,5.5634214196,
2011-09-24,5.4578896873,
2011-09-25,5.3411548814,
2011-09-26,4.8738260812,
2011-09-27,4.9111577925,
2011-09-28,4.7634153214,
2011-09-29,4.7776609784,
2011-09-30,5.14368591,
2011-10-01,5.0340705447,
2011-10-02,5.0070625967,
2011-10-03,5.0228448603,
2011-10-04,4.9568056207,
2011-10-05,4.8850671309,
2011-10-06,4.7301662957,
2011-10-07,4.2760357569,
2011-10-08,3.9812529942,
2011-10-09,4.1116346435,
2011-10-10,4.0749624839,
2011-10-11,4.0089244959,
2011-10-12,4.1662353425,
2011-10-13,4.03698109,
2011-10-14,3.9862808854,
2011-10-15,3.8373385605,
2011-10-16,3.6097417165,
2011-10-17,2.5812467218,
2011-10-18,2.4222747382,
2011-10-19,2.217254713,
2011-10-20,2.3561235085,
2011-10-21,2.5700923051,
2011-10-22,3.1554861385,
2011-10-23,3.1477509299,
2011-10-24,2.5229359977,
2011-10-25,2.8019238311,
2011-10-26,2.777505239,
2011-10-27,3.0454078276,
2011-10-28,3.1796394366,
2011-10-29,3.5691889687,
2011-10-30,3.257403723,
2011-10-31,3.2650982127,
2011-11-01,3.1710077428,
2011-11-02,3.2558005666,
2011-11-03,3.1683163852,
2011-11-04,3.1201181718,
2011-11-05,2.9778175979,
2011-11-06,2.9627205769,
2011-11-07,3.0177576873,
2011-11-08,3.056567111,
2011-11-09,2.9195672238,
2011-11-10,2.8567020853,
2011-11-11,3.0678617335,
2011-11-12,3.0255229959,
2011-11-13,2.9863733033,
2011-11-14,2.2242244643,
2011-11-15,2.3223841157,
2011-11-16,2.5467809307,
2011-11-17,2.2790958358,
2011-11-18,2.1050660032,
2011-11-19,2.2034567218,
2011-11-20,2.2019895096,
2011-11-21,2.2798791654,
2011-11-22,2.3224585961,
2011-11-23,2.3303235675,
2011-11-24,2.4388790003,
2011-11-25,2.4961610029,
2011-11-26,2.471799969,
2011-11-27,2.4775649512,
2011-11-28,2.5412402522,
2011-11-29,2.7576984828,
2011-11-30,2.9660415459,
2011-12-01,3.08258945,
2011-12-02,3.1004023331,
2011-12-03,2.8038561853,
2011-12-04,2.819693976,
2011-12-05,2.8747962274,
2011-12-06,3.0253604515,
2011-12-07,2.9855024211,
2011-12-08,2.9918804831,
2011-12-09,2.9557919521,
2011-12-10,3.0689752671,
2011-12-11,3.2492688472,
2011-12-12,3.1873353565,
2011-12-13,3.2410884085,
2011-12-14,3.1550865044,
2011-12-15,3.2031385406,
2011-12-16,3.2091377773,
2011-12-17,3.1925417043,
2011-12-18,3.1940108089,
2011-12-19,3.5257739193,
2011-12-20,3.9525508273,
2011-12-21,3.8889932507,
2011-12-22,3.9030604205,
2011-12-23,3.937965076,
2011-12-24,3.9394191186,
2011-12-25,4.2338668778,
2011-12-26,3.9991219641,
2011-12-27,4.0955185459,
2011-12-28,4.2072958761,
2011-12-29,4.1733522268,
2011-12-30,4.31063509,
2011-12-31,4.7143063314,
2012-01-01,5.2948427773,4.938
2012-01-02,5.2048778919,4.937
2012-01-03,4.8705088288,4.946
2012-01-04,5.5857062671,4.971
2012-01-05,6.8740008773,4.983
2012-01-06,6.68331664,5.008
2012-01-07,6.7962279807,5.007
2012-01-08,7.0966505663,5.003
2012-01-09,6.2885383425,5.01
2012-01-10,6.5284745552,4.998
2012-01-11,6.8891277212,5.026
2012-01-12,6.7735641958,5.042
2012-01-13,6.4543688901,5.04
2012-01-14,6.7617271426,5.039
2012-01-15,7.0469225582,5.059
2012-01-16,6.7156076666,5.058
2012-01-17,5.5996219503,5.06
2012-01-18,5.9002312881,5.065
2012-01-19,6.3157063416,5.069
2012-01-20,6.5014919883,5.075
2012-01-21,6.1805683255,5.085
2012-01-22,6.3029672268,5.098
2012-01-23,6.3748760771,5.108
2012-01-24,6.2744764757,5.107
2012-01-25,5.8104650725,5.105
2012-01-26,5.3672269544,5.141
2012-01-27,5.303137197,5.139
2012-01-28,5.659796775,5.135
2012-01-29,5.3914294573,5.133
2012-01-30,5.5034819386,5.133
2012-01-31,5.5382202957,5.132
2012-02-01,6.0752326523,5.18
2012-02-02,6.0995729129,5.181
2012-02-03,5.9516109275,5.181
2012-02-04,5.895413239,5.182
2012-02-05,5.6781157171,5.186
2012-02-06,5.4826640584,5.179
2012-02-07,5.6620277002,5.182
2012-02-08,5.6185281899,5.184
2012-02-09,5.8356998542,5.19
2012-02-10,5.9378341555,5.184
2012-02-11,5.6121328533,5.201
2012-02-12,5.5190971695,5.202
2012-02-13,5.3483545593,5.229
2012-02-14,4.4836540918,5.207
2012-02-15,4.325520322,5.205
2012-02-16,4.255239045,5.206
2012-02-17,4.3915383729,5.221
2012-02-18,4.2700812776,5.209
2012-02-19,4.3895514582,5.209
2012-02-20,4.3651359389,5.209
2012-02-21,4.315115602,5.209
2012-02-22,4.4193102876,5.208
2012-02-23,5.0395151181,5.207
2012-02-24,5.0256087589,5.205
2012-02-25,4.7725673811,5.206
2012-02-26,4.9264208515,5.205
2012-02-27,4.9525157563,5.204
2012-02-28,4.8572577756,5.205
2012-02-29,4.8727487557,5.147
2012-03-01,4.9220721236,5.149
2012-03-02,4.7148235871,5.148
2012-03-03,4.6281932525,5.144
2012-03-04,4.8341444816,5.143
2012-03-05,4.9823929039,5.141
2012-03-06,4.9878413524,5.141
2012-03-07,4.9491128846,5.139
2012-03-08,4.934979495,5.137
2012-03-09,4.8722978475,5.134
2012-03-10,4.8414238048,5.131
2012-03-11,4.8920287516,5.126
2012-03-12,4.9108393793,5.126
2012-03-13,5.2908802788,5.124
2012-03-14,5.3905432922,5.125
2012-03-15,5.3408208989,5.121
2012-03-16,5.3395747914,5.122
2012-03-17,5.2360035541,5.117
2012-03-18,5.2701489854,5.105
2012-03-19,4.6786725529,5.105
2012-03-20,4.8308302162,5.101
2012-03-21,4.8172295248,5.087
2012-03-22,4.729608505,5.083
2012-03-23,4.6916431765,5.084
2012-03-24,4.6519862659,5.072
2012-03-25,4.5522702624,5.059
2012-03-26,4.6327223597,5.051
2012-03-27,4.8113407352,5.044
2012-03-28,4.7905893916,5.042
2012-03-29,4.7940665722,5.034
2012-03-30,4.8614093565,4.914
2012-03-31,4.8897768732,4.909
2012-04-01,4.7933256774,4.903
2012-04-02,4.9830454787,4.897
2012-04-03,4.9562331929,4.864
2012-04-04,4.9178421777,4.868
2012-04-05,4.9208492449,4.871
2012-04-06,4.9491074322,4.876
2012-04-07,4.7097119103,4.879
2012-04-08,4.7788188492,4.882
2012-04-09,4.8525473811,4.886
2012-04-10,4.8414175938,4.889
2012-04-11,4.9152507171,4.889
2012-04-12,4.9011581473,4.895
2012-04-13,4.9344067335,4.896
2012-04-14,4.956364661,4.897
2012-04-15,4.9616003384,4.901
2012-04-16,4.9507645693,4.906
2012-04-17,4.9687445076,4.869
2012-04-18,5.124377443,4.87
2012-04-19,5.1309065114,4.871
2012-04-20,5.3665159681,4.871
2012-04-21,5.282550339,4.869
2012-04-22,5.1956089947,4.867
2012-04-23,5.1108881917,4.858
2012-04-24,5.0878672624,4.775
2012-04-25,5.1488162455,4.805
2012-04-26,5.0974192858,4.791
2012-04-27,5.0958873399,4.79
2012-04-28,4.9707366528,4.79
2012-04-29,4.9026061777,4.785
2012-04-30,4.9421168101,4.763
2012-05-01,4.9871372274,4.762
2012-05-02,5.0534373539,4.76
2012-05-03,5.118872979,4.758
2012-05-04,5.0855070883,4.747
2012-05-05,5.0566395646,4.748
2012-05-06,5.0478007729,4.734
2012-05-07,5.067555867,4.731
2012-05-08,5.0234664229,4.731
2012-05-09,5.0413062355,4.732
2012-05-10,4.9274887198,4.732
2012-05-11,4.9637099775,4.73
2012-05-12,4.946532235,4.75
2012-05-13,4.9447950538,4.74
2012-05-14,5.011435922,4.736
2012-05-15,5.0336404004,4.733
2012-05-16,5.0877845091,4.724
2012-05-17,5.0896616864,4.714
2012-05-18,5.1183014828,4.699
2012-05-19,5.1125458112,4.696
2012-05-20,5.0942009684,4.667
2012-05-21,5.0942213101,4.643
2012-05-22,5.0891391888,4.633
2012-05-23,5.1288588998,4.635
2012-05-24,5.1191577592,4.611
2012-05-25,5.1372768065,4.611
2012-05-26,5.1039788048,4.59
2012-05-27,5.134616135,4.591
2012-05-28,5.1363254191,4.589
2012-05-29,5.1484706978,4.587
2012-05-30,5.1382645693,4.589
2012-05-31,5.1816397212,4.545
2012-06-01,5.266943758,4.545
2012-06-02,5.2436390602,4.544
2012-06-03,5.2127049848,4.543
2012-06-04,5.2587658574,4.537
2012-06-05,5.4260142949,4.54
2012-06-06,5.446169422,4.54
2012-06-07,5.5871698098,4.539
2012-06-08,5.6225291017,4.536
2012-06-09,5.5570023355,4.542
2012-06-10,5.4578935693,4.542
2012-06-11,5.5869969816,4.541
2012-06-12,5.7274912987,4.541
2012-06-13,5.9093013238,4.54
2012-06-14,5.9620231821,4.537
2012-06-15,6.5233807192,4.538
2012-06-16,6.4441582823,4.542
2012-06-17,6.199966488,4.544
2012-06-18,6.3108446686,4.545
2012-06-19,6.494826716,4.541
2012-06-20,6.6935510555,4.521
2012-06-21,6.6722625038,4.526
2012-06-22,6.5637616978,4.528
2012-06-23,6.4475416891,4.529
2012-06-24,6.3504940386,4.524
2012-06-25,6.31747363,4.524
2012-06-26,6.4328608288,4.525
2012-06-27,6.6157134015,4.535
2012-06-28,6.590064633,4.535
2012-06-29,6.6587767572,4.534
2012-06-30,6.680427623,4.536
2012-07-01,6.6268600923,4.539
2012-07-02,6.7434780508,4.541
2012-07-03,6.4499924033,4.542
2012-07-04,6.5148353331,4.544
2012-07-05,6.6423986043,4.544
2012-07-06,6.6721811894,4.544
2012-07-07,6.8082737119,4.528
2012-07-08,6.7963176879,4.53
2012-07-09,7.032395886,4.53
2012-07-10,7.1785800357,4.422
2012-07-11,7.185147789,4.427
2012-07-12,7.5559356502,4.43
2012-07-13,7.630921256,4.431
2012-07-14,7.5801291783,4.346
2012-07-15,7.6272348597,4.347
2012-07-16,8.4934056774,4.349
2012-07-17,8.7519848551,4.347
2012-07-18,9.0951926861,4.344
2012-07-19,8.8795334135,4.344
2012-07-20,8.5324506791,4.345
2012-07-21,8.875645841,4.345
2012-07-22,8.5065625441,4.345
2012-07-23,8.5312112694,4.346
2012-07-24,8.5745851707,4.347
2012-07-25,8.7693472729,4.346
2012-07-26,8.8757650462,4.346
2012-07-27,8.8914598942,4.347
2012-07-28,8.8425608942,4.346
2012-07-29,8.7476806593,4.346
2012-07-30,9.088317249,4.345
2012-07-31,9.3209984021,4.344
2012-08-01,9.5680209039,4.345
2012-08-02,10.5510396961,4.345
2012-08-03,10.9158647466,4.342
2012-08-04,10.9197148808,4.34
2012-08-05,10.8051173776,4.34
2012-08-06,10.8694465018,4.341
2012-08-07,10.9412794401,4.333
2012-08-08,11.0703915967,4.33
2012-08-09,11.103724744,4.33
2012-08-10,11.4475688045,4.327
2012-08-11,11.5425355272,4.328
2012-08-12,11.5925523898,4.328
2012-08-13,11.9849629904,4.328
2012-08-14,12.187097481,4.329
2012-08-15,13.1700773539,4.329
2012-08-16,13.4507908247,4.329
2012-08-17,12.0770055424,4.331
2012-08-18,11.5775071648,4.326
2012-08-19,7.8306218419,4.326
2012-08-20,9.9798766487,4.325
2012-08-21,9.9029820181,4.326
2012-08-22,9.7725545786,4.326
2012-08-23,10.0886574261,4.318
2012-08-24,10.5940425944,4.319
2012-08-25,10.5836766715,4.318
2012-08-26,10.5455307423,4.317
2012-08-27,10.9003800807,4.319
2012-08-28,10.9329585336,4.323
2012-08-29,10.8677839018,4.323
2012-08-30,10.7277488384,4.326
2012-08-31,10.1024098206,4.327
2012-09-01,10.0065329375,4.328
2012-09-02,10.2261162016,4.323
2012-09-03,10.4971343092,4.322
2012-09-04,10.3640018942,4.323
2012-09-05,11.0255228784,4.324
2012-09-06,11.1607690158,4.33
2012-09-07,11.0761223366,4.328
2012-09-08,11.0432700333,4.329
2012-09-09,11.0620954933,4.331
2012-09-10,11.1252888048,4.33
2012-09-11,11.2680929553,4.332
2012-09-12,11.3152859082,4.333
2012-09-13,11.3802992887,4.336
2012-09-14,11.7301076224,4.338
2012-09-15,11.7183934155,4.337
2012-09-16,11.8869112238,4.337
2012-09-17,11.9083171572,4.325
2012-09-18,12.2596508387,4.307
2012-09-19,12.5048540982,4.308
2012-09-20,12.3671766493,4.305
2012-09-21,12.3336578358,4.301
2012-09-22,12.2137276251,4.299
2012-09-23,12.1654630263,4.299
2012-09-24,12.1135887165,4.292
2012-09-25,12.1824053945,4.291
2012-09-26,12.3198168597,4.291
2012-09-27,12.3187514018,4.292
2012-09-28,12.3814573892,4.299
2012-09-29,12.4047515056,4.301
2012-09-30,12.3916224728,4.302
2012-10-01,12.3893951601,4.301
2012-10-02,12.8072380959,4.302
2012-10-03,12.9554304944,4.291
2012-10-04,12.8623857779,4.292
2012-10-05,12.7522194191,4.292
2012-10-06,12.5051297136,4.293
2012-10-07,11.8739970853,4.294
2012-10-08,11.7333297481,4.285
2012-10-09,11.8286634354,4.287
2012-10-10,12.1091884781,4.285
2012-10-11,12.0675518083,4.288
2012-10-12,12.0280681648,4.288
2012-10-13,11.9268038293,4.299
2012-10-14,11.6505779608,4.299
2012-10-15,11.9083095269,4.299
2012-10-16,11.848018069,4.299
2012-10-17,11.9193881607,4.305
2012-10-18,11.9259328445,4.306
2012-10-19,11.7574857972,4.312
2012-10-20,11.6943775517,4.312
2012-10-21,11.6574114059,4.313
2012-10-22,11.7410779129,4.315
2012-10-23,11.70778173,4.314
2012-10-24,11.6343523869,4.315
2012-10-25,10.7536298203,4.317
2012-10-26,10.1306194936,4.315
2012-10-27,10.4581862957,4.316
2012-10-28,10.7099620839,4.317
2012-10-29,10.630738976,4.318
2012-10-30,10.8593230584,4.317
2012-10-31,11.1460718381,4.318
2012-11-01,10.613535751,4.326
2012-11-02,10.5305036388,4.327
2012-11-03,10.6507470193,4.328
2012-11-04,10.7968828925,4.328
2012-11-05,10.7408207352,4.328
2012-11-06,10.8681974991,4.331
2012-11-07,10.9540989445,4.332
2012-11-08,10.8926993711,4.334
2012-11-09,10.815867218,4.333
2012-11-10,10.863260443,4.335
2012-11-11,10.8418406388,4.337
2012-11-12,11.0313424553,4.341
2012-11-13,10.9980027791,4.344
2012-11-14,10.9589524185,4.346
2012-11-15,11.1751098586,4.354
2012-11-16,11.7050448299,4.356
2012-11-17,11.7500423992,4.36
2012-11-18,11.6656310321,4.365
2012-11-19,11.7505293507,4.37
2012-11-20,11.6991703168,4.375
2012-11-21,11.7291351759,4.379
2012-11-22,12.2919979465,4.385
2012-11-23,12.2802876195,4.39
2012-11-24,12.4132043998,4.396
2012-11-25,12.5296894898,4.4
2012-11-26,12.1846262399,4.405
2012-11-27,12.1592753846,4.41
2012-11-28,12.331659827,4.416
2012-11-29,12.4976616534,4.421
2012-11-30,12.5861389275,4.427
2012-12-01,12.5923868703,4.425
2012-12-02,12.4979447566,4.429
2012-12-03,12.6569578369,4.431
2012-12-04,13.3695895815,4.449
2012-12-05,13.3127502221,4.453
2012-12-06,13.4779245403,4.459
2012-12-07,13.4772824494,4.463
2012-12-08,13.4999844091,4.469
2012-12-09,13.3465108907,4.474
2012-12-10,13.4922565809,4.476
2012-12-11,13.6154156663,4.481
2012-12-12,13.6682136426,4.482
2012-12-13,13.7552515207,4.48
2012-12-14,13.6009222528,4.487
2012-12-15,13.5309482887,4.487
2012-12-16,13.3328610766,4.491
2012-12-17,13.3200719515,4.497
2012-12-18,13.2720338691,4.501
2012-12-19,13.53854318,4.509
2012-12-20,13.5700270263,4.522
2012-12-21,13.4289680023,4.554
2012-12-22,13.4272139129,4.559
2012-12-23,13.3181057569,4.575
2012-12-24,13.4266626715,4.588
2012-12-25,13.3655670047,4.598
2012-12-26,13.4546990175,4.603
2012-12-27,13.3993031812,4.606
2012-12-28,13.4555072215,4.621
2012-12-29,13.3740038603,4.63
2012-12-30,13.4450137989,4.639
2012-12-31,13.5455524436,4.654
2013-01-01,13.331371422,4.667
2013-01-02,13.280606813,4.685
2013-01-03,13.3840811485,4.698
2013-01-04,13.4517211496,4.699
2013-01-05,13.4594067668,4.703
2013-01-06,13.5044965079,4.709
2013-01-07,13.5560616578,4.71
2013-01-08,13.7803506312,4.715
2013-01-09,13.8209552566,4.714
2013-01-10,14.1231728556,4.72
2013-01-11,14.2276211227,4.729
2013-01-12,14.214285656,4.732
2013-01-13,14.1607882671,4.75
2013-01-14,14.3179703203,4.755
2013-01-15,14.3136377516,4.784
2013-01-16,14.7078140479,4.792
2013-01-17,15.5985997396,4.797
2013-01-18,15.7157911239,4.803
2013-01-19,15.5881263998,4.812
2013-01-20,15.7195921373,4.826
2013-01-21,16.7810195207,4.837
2013-01-22,17.3001788387,4.84
2013-01-23,17.5363954229,4.863
2013-01-24,16.9010860722,4.892
2013-01-25,17.4072020292,4.913
2013-01-26,17.5536291761,4.916
2013-01-27,17.8646280148,4.935
2013-01-28,18.7942648743,4.957
2013-01-29,19.5147141861,4.961
2013-01-30,19.7374466864,4.947
2013-01-31,20.5116430307,4.951
2013-02-01,20.4430919562,4.956
2013-02-02,19.6359017054,4.95
2013-02-03,20.5789396832,4.963
2013-02-04,20.4404879614,4.965
2013-02-05,20.6593447276,4.982
2013-02-06,21.2085655319,4.986
2013-02-07,22.1177651789,4.986
2013-02-08,22.7873650499,4.988
2013-02-09,23.7338601537,4.972
2013-02-10,23.9002893571,4.971
2013-02-11,24.4972726949,4.997
2013-02-12,24.9797364074,5.003
2013-02-13,24.6416509348,5.002
2013-02-14,27.2823898203,4.995
2013-02-15,27.1712692291,4.999
2013-02-16,27.346163562,4.997
2013-02-17,26.9272513764,4.994
2013-02-18,26.9288676371,4.99
2013-02-19,29.4136243808,4.986
2013-02-20,29.8198072276,4.978
2013-02-21,29.8180689158,4.99
2013-02-22,30.4726565324,4.987
2013-02-23,29.8064545459,4.989
2013-02-24,29.8828484924,5.01
2013-02-25,30.352033095,5.041
2013-02-26,31.1555373507,5.034
2013-02-27,31.240261083,5.04
2013-02-28,33.3752939366,5.032
2013-03-01,34.6062570341,5.12
2013-03-02,34.143515924,5.133
2013-03-03,34.4517404845,5.152
2013-03-04,36.3762652507,5.156
2013-03-05,40.6729539903,5.165
2013-03-06,43.2849961852,5.165
2013-03-07,41.9474407158,5.165
2013-03-08,43.902928915,5.171
2013-03-09,46.8885866123,5.186
2013-03-10,46.066038459,5.194
2013-03-11,48.2750745772,5.204
2013-03-12,44.4135452582,5.221
2013-03-13,47.0161908516,5.229
2013-03-14,46.9255625535,5.244
2013-03-15,46.9025172478,5.25
2013-03-16,47.1570156996,5.252
2013-03-17,47.3334997838,5.258
2013-03-18,51.3654363913,5.265
2013-03-19,59.4986011114,5.29
2013-03-20,63.6874854982,5.294
2013-03-21,70.9175250053,5.293
2013-03-22,69.8460845418,5.291
2013-03-23,64.3831163705,5.323
2013-03-24,71.6904242065,5.318
2013-03-25,74.3140892496,5.318
2013-03-26,78.614197432,5.326
2013-03-27,88.8520799138,5.35
2013-03-28,87.6731739608,5.357
2013-03-29,90.2956993583,5.35
2013-03-30,92.1899599883,5.313
2013-03-31,93.8992384231,5.316
2013-04-01,103.5803469112,5.302
2013-04-02,116.6799442412,5.296
2013-04-03,131.3848093782,5.218
2013-04-04,133.0071204757,5.236
2013-04-05,142.626065488,5.217
2013-04-06,143.0818229649,5.221
2013-04-07,162.8522145769,5.283
2013-04-08,186.351161848,5.302
2013-04-09,230.6829966952,5.306
2013-04-10,161.192889661,5.282
2013-04-11,82.901585038,5.265
2013-04-12,111.476373194,5.227
2013-04-13,97.6090718703,5.225
2013-04-14,88.8614913998,5.222
2013-04-15,80.874693166,5.263
2013-04-16,68.2831387271,5.223
2013-04-17,92.8640369135,5.217
2013-04-18,108.6283450923,5.226
2013-04-19,119.012283239,5.241
2013-04-20,128.208288893,5.248
2013-04-21,118.4832437563,5.237
2013-04-22,126.3142717598,5.249
2013-04-23,142.1272180532,5.257
2013-04-24,154.1332778045,5.255
2013-04-25,141.0086592785,5.266
2013-04-26,137.2096004196,5.277
2013-04-27,128.2266696052,5.328
2013-04-28,134.6235695617,5.339
2013-04-29,143.8103781926,5.348
2013-04-30,139.1296475453,5.38
2013-05-01,116.1138010403,5.402
2013-05-02,106.3409846973,5.407
2013-05-03,96.3168402741,5.437
2013-05-04,112.4976363691,5.446
2013-05-05,116.488715827,5.456
2013-05-06,112.1185961952,5.46
2013-05-07,111.6092128735,5.475
2013-05-08,113.1360618548,5.494
2013-05-09,111.9745327107,5.5
2013-05-10,117.6910368837,5.496
2013-05-11,115.4997776628,5.453
2013-05-12,114.8856755596,5.46
2013-05-13,117.4044566461,5.504
2013-05-14,107.8655665693,5.523
2013-05-15,108.9868524255,5.536
2013-05-16,112.9178740503,5.565
2013-05-17,117.284616014,5.58
2013-05-18,118.1698766803,5.587
2013-05-19,117.033880187,5.605
2013-05-20,117.8186364699,5.621
2013-05-21,117.2520409117,5.642
2013-05-22,118.9781735827,5.672
2013-05-23,123.7261560491,5.696
2013-05-24,128.9710806546,5.697
2013-05-25,128.8449152542,5.682
2013-05-26,130.1586011105,5.735
2013-05-27,126.392905903,5.773
2013-05-28,125.9045952659,5.785
2013-05-29,129.5648123904,5.799
2013-05-30,126.5130683811,5.821
2013-05-31,127.8164888954,5.839
2013-06-01,128.7911510812,5.846
2013-06-02,122.6267089421,5.86
2013-06-03,122.9491879018,5.857
2013-06-04,120.1899687317,5.862
2013-06-05,120.8699238457,5.848
2013-06-06,119.0539756698,5.885
2013-06-07,110.1977314436,5.896
2013-06-08,109.1785453413,5.91
2013-06-09,99.9036034483,5.919
2013-06-10,104.3575666277,5.933
2013-06-11,107.5075204559,5.96
2013-06-12,106.3781163063,6.108
2013-06-13,101.3238977206,6.173
2013-06-14,99.2132443016,6.201
2013-06-15,99.875037405,6.222
2013-06-16,99.0383512566,6.268
2013-06-17,100.1263050847,6.292
2013-06-18,104.2891763822,6.381
2013-06-19,104.417150789,6.394
2013-06-20,104.3234997078,6.405
2013-06-21,101.4168573933,6.419
2013-06-22,100.0395084746,6.433
2013-06-23,100.3147445938,6.571
2013-06-24,99.0456832262,6.572
2013-06-25,97.83278872,6.587
2013-06-26,98.6517007598,6.605
2013-06-27,96.8039495991,6.639
2013-06-28,89.4245067212,6.668
2013-06-29,88.7972910579,6.685
2013-06-30,89.4809076563,6.698
2013-07-01,82.8675701344,6.732
2013-07-02,87.8164666861,6.745
2013-07-03,77.6913308007,6.774
2013-07-04,79.1348708358,6.801
2013-07-05,67.4476238527,6.803
2013-07-06,66.3416808884,6.824
2013-07-07,72.1095223729,6.856
2013-07-08,73.9885537697,6.971
2013-07-09,74.8919108708,7.023
2013-07-10,85.013679135,7.049
2013-07-11,87.4975493863,7.185
2013-07-12,90.0466987142,7.206
2013-07-13,91.592597896,7.238
2013-07-14,89.8922692759,7.357
2013-07-15,93.7961525424,7.372
2013-07-16,91.7810356517,7.394
2013-07-17,91.0313512566,7.428
2013-07-18,84.9617291175,7.522
2013-07-19,86.2387945996,7.571
2013-07-20,84.9108591467,7.622
2013-07-21,85.6643502618,7.661
2013-07-22,85.6490286382,7.686
2013-07-23,86.977056692,7.731
2013-07-24,88.1517305669,7.786
2013-07-25,90.1660922268,7.852
2013-07-26,89.9839859731,7.954
2013-07-27,88.1652758621,8.021
2013-07-28,92.7458421975,8.093
2013-07-29,93.2986972531,8.179
2013-07-30,96.659552893,8.274
2013-07-31,98.0244199299,8.34
2013-08-01,96.5680178258,8.445
2013-08-02,96.0745306838,8.579
2013-08-03,95.5067095266,8.751
2013-08-04,96.3654821742,9.067
2013-08-05,97.5271338399,9.249
2013-08-06,97.6712066043,9.476
2013-08-07,97.0542068966,9.709
2013-08-08,94.2572717709,9.917
2013-08-09,92.4727767387,10.128
2013-08-10,93.293552893,10.229
2013-08-11,94.2713123904,10.479
2013-08-12,95.4464707773,10.824
2013-08-13,97.7590750847,11.167
2013-08-14,99.1212875511,11.433
2013-08-15,98.1063331385,11.743
2013-08-16,98.2909602572,12.018
2013-08-17,99.6305043834,12.351
2013-08-18,99.1780397428,12.6
2013-08-19,102.7840122735,12.868
2013-08-20,104.5002109877,13.144
2013-08-21,110.8016037405,13.401
2013-08-22,109.5232168323,13.651
2013-08-23,107.6975715956,13.925
2013-08-24,108.8826750438,14.149
2013-08-25,113.0825634132,14.472
2013-08-26,112.1181148451,14.716
2013-08-27,117.7597907656,14.759
2013-08-28,118.3174143776,14.721
2013-08-29,118.8356382233,14.75
2013-08-30,124.8853796026,14.692
2013-08-31,128.3779789597,14.596
2013-09-01,130.5363720047,14.658
2013-09-02,129.5653717124,14.709
2013-09-03,129.1828036236,14.879
2013-09-04,122.5292387493,15.259
2013-09-05,122.370085038,15.558
2013-09-06,117.8611464056,15.686
2013-09-07,119.8149894798,16.617
2013-09-08,118.0573863238,17.015
2013-09-09,121.2592726476,17.513
2013-09-10,122.2155301894,18.043
2013-09-11,127.0882270602,18.733
2013-09-12,126.7807235535,18.955
2013-09-13,127.4077451783,19.361
2013-09-14,124.3484774985,19.759
2013-09-15,125.0764178843,20.186
2013-09-16,126.2046659848,23.097
2013-09-17,126.8972501461,24.184
2013-09-18,126.9038194039,24.525
2013-09-19,124.1809573349,24.791
2013-09-20,122.9216358854,24.876
2013-09-21,123.5082568673,24.93
2013-09-22,123.1249351257,25.019
2013-09-23,122.8656990064,25.126
2013-09-24,123.7973576856,25.386
2013-09-25,123.614078609,25.626
2013-09-26,124.6856744594,25.944
2013-09-27,126.6053477499,26.11
2013-09-28,126.7965517241,26.502
2013-09-29,127.1086277031,26.619
2013-09-30,126.0902618352,27.029
2013-10-01,127.5754243133,28.262
2013-10-02,104.1050929281,28.805
2013-10-03,117.5754950321,29.053
2013-10-04,121.9303477499,29.219
2013-10-05,121.3934026885,29.559
2013-10-06,122.4752612507,29.948
2013-10-07,123.9068725891,30.549
2013-10-08,124.7665289305,32.007
2013-10-09,125.9335203127,32.131
2013-10-10,126.7046504968,32.432
2013-10-11,127.2552992402,32.629
2013-10-12,127.8512630041,32.656
2013-10-13,132.4156586791,32.757
2013-10-14,135.3391949153,32.793
2013-10-15,141.493908533,32.829
2013-10-16,138.327921917,32.912
2013-10-17,143.7471338399,33.006
2013-10-18,152.77557218,33.75
2013-10-19,165.7727171245,33.776
2013-10-20,166.5001510812,33.861
2013-10-21,179.9106285798,33.97
2013-10-22,190.4027814144,34.206
2013-10-23,204.6003509643,34.098
2013-10-24,194.4100437651,34.167
2013-10-25,185.643787626,33.297
2013-10-26,179.8082180012,33.349
2013-10-27,194.5461332554,33.435
2013-10-28,196.2746873174,33.54
2013-10-29,204.4281741672,33.676
2013-10-30,197.900599421,33.882
2013-10-31,203.2836499123,34.049
2013-11-01,203.0371098494,34.068
2013-11-02,204.7928813559,34.057
2013-11-03,210.2753826117,34.157
2013-11-04,228.7910388662,34.354
2013-11-05,243.6416689071,34.545
2013-11-06,263.2095839871,34.552
2013-11-07,290.1242261835,34.56
2013-11-08,333.750656512,34.824
2013-11-09,331.0511484512,34.932
2013-11-10,327.5586534997,35.081
2013-11-11,342.6976928697,35.061
2013-11-12,354.6454883109,35.133
2013-11-13,394.5044952244,35.593
2013-11-14,416.7063033027,35.315
2013-11-15,408.3987973349,35.314
2013-11-16,435.7984427674,35.759
2013-11-17,485.3365768556,35.839
2013-11-18,657.7785038749,35.585
2013-11-19,546.8783973115,35.462
2013-11-20,595.3390996493,35.634
2013-11-21,720.7644252601,35.555
2013-11-22,802.9169337183,35.636
2013-11-23,834.2953399891,35.494
2013-11-24,807.1666954997,35.429
2013-11-25,816.243386616,35.418
2013-11-26,916.0971601403,35.183
2013-11-27,962.9105609117,35.19
2013-11-28,1007.387163647,34.8
2013-11-29,1128.7254880187,34.758
2013-11-30,1119.2967147867,34.854
2013-12-01,964.4857936879,34.849
2013-12-02,1040.8082177089,34.897
2013-12-03,1053.6210274483,34.924
2013-12-04,1134.9322308884,35.067
2013-12-05,1027.411772827,34.993
2013-12-06,824.5817103378,34.938
2013-12-07,703.7483760257,34.902
2013-12-08,783.5733483343,34.928
2013-12-09,896.079289889,34.976
2013-12-10,977.165367329,35.001
2013-12-11,875.4640342724,35.118
2013-12-12,873.3248059877,35.29
2013-12-13,879.156135301,35.702
2013-12-14,852.856120526,35.744
2013-12-15,864.0616578609,35.748
2013-12-16,677.8941068013,35.894
2013-12-17,682.626772706,35.917
2013-12-18,526.1209763267,35.974
2013-12-19,685.5251289597,36.116
2013-12-20,600.2169542607,36.162
2013-12-21,597.0335025482,36.838
2013-12-22,615.0130352718,36.874
2013-12-23,657.9266341555,36.995
2013-12-24,650.6647451783,36.978
2013-12-25,678.2901580947,35.892
2013-12-26,749.9965949562,36.144
2013-12-27,722.5705674927,36.212
2013-12-28,715.8523630789,36.844
2013-12-29,727.2712156634,37.023
2013-12-30,735.7419970777,37.136
2013-12-31,729.5575829106,37.315
2014-01-01,752.4045499446,37.468
2014-01-02,784.9549213144,37.605
2014-01-03,807.2229390298,37.995
2014-01-04,828.6020626184,38.144
2014-01-05,902.487380263,38.209
2014-01-06,914.4599608416,38.611
2014-01-07,803.3517961987,38.831
2014-01-08,820.6900095032,39.052
2014-01-09,831.3347504874,39.346
2014-01-10,853.2988548446,39.75
2014-01-11,889.5558371193,40.108
2014-01-12,845.1913322209,40.028
2014-01-13,822.8770121975,39.808
2014-01-14,815.2936027119,39.647
2014-01-15,841.0898573641,39.467
2014-01-16,815.8548002981,39.319
2014-01-17,792.8295064757,39.258
2014-01-18,809.7835283564,39.297
2014-01-19,838.4284747341,39.383
2014-01-20,828.8852165926,39.313
2014-01-21,823.8179637639,39.305
2014-01-22,818.9763863238,39.317
2014-01-23,810.9224251958,39.295
2014-01-24,781.0425139509,39.222
2014-01-25,804.4032408007,39.218
2014-01-26,814.4993813735,39.338
2014-01-27,742.7013749708,39.448
2014-01-28,790.1764018761,39.568
2014-01-29,793.3844249094,39.55
2014-01-30,799.4744798364,39.638
2014-01-31,803.2375987849,39.725
2014-02-01,813.2195492168,44.541
2014-02-02,814.4908704267,44.616
2014-02-03,806.9974283725,44.778
2014-02-04,800.0782318936,44.845
2014-02-05,784.4736927778,41.332
2014-02-06,763.5693822326,41.843
2014-02-07,711.5712734191,41.916
2014-02-08,677.6823009414,42.003
2014-02-09,687.4060545763,42.187
2014-02-10,685.4574988369,41.819
2014-02-11,671.8996916902,41.643
2014-02-12,653.7657809117,41.717
2014-02-13,612.918414962,41.982
2014-02-14,668.7886026593,42.019
2014-02-15,654.3770601987,42.104
2014-02-16,623.2503219486,42.251
2014-02-17,631.3345963063,42.429
2014-02-18,627.2717614155,42.655
2014-02-19,623.5401369462,42.864
2014-02-20,563.7685610988,43.061
2014-02-21,580.3243159731,43.153
2014-02-22,607.1246333372,43.311
2014-02-23,610.0823237463,43.51
2014-02-24,542.2666507539,43.567
2014-02-25,533.707644436,44.002
2014-02-26,587.5785882992,44.375
2014-02-27,585.3939256501,44.521
2014-02-28,551.2947703098,44.763
2014-03-01,567.5342354413,44.997
2014-03-02,558.5277071566,45.166
2014-03-03,676.505732782,45.587
2014-03-04,674.5113994331,45.821
2014-03-05,670.3388510995,46.025
2014-03-06,667.7128340035,46.342
2014-03-07,631.7702952133,48.045
2014-03-08,621.5241144962,48.31
2014-03-09,640.578889322,49.307
2014-03-10,628.151241166,49.803
2014-03-11,633.733838235,50.501
2014-03-12,634.6468237171,50.666
2014-03-13,643.4321008591,50.974
2014-03-14,628.3085900058,50.964
2014-03-15,636.2186500614,51.065
2014-03-16,634.1689009709,51.469
2014-03-17,622.7602086499,51.505
2014-03-18,614.3095137171,51.618
2014-03-19,610.5112034746,51.723
2014-03-20,586.6075957101,52.161
2014-03-21,569.6945179953,51.818
2014-03-22,564.7000267037,52.273
2014-03-23,558.9588616914,52.756
2014-03-24,585.023250519,53.748
2014-03-25,583.7711890941,55.061
2014-03-26,579.243850401,55.836
2014-03-27,483.1640126125,57.285
2014-03-28,498.6613289492,58.171
2014-03-29,489.5170235476,59.059
2014-03-30,458.9663282759,60.035
2014-03-31,455.3553540561,61.251
2014-04-01,479.0084658679,63.923
2014-04-02,439.0114925248,65.187
2014-04-03,449.4411515196,68.823
2014-04-04,449.719869737,71.033
2014-04-05,461.6753314822,72.307
2014-04-06,458.6334805445,73.581
2014-04-07,448.6552750664,74.86
2014-04-08,452.803098796,75.956
2014-04-09,442.8379849322,77.033
2014-04-10,366.9118660634,77.941
2014-04-11,421.9435280713,78.808
2014-04-12,424.2742126476,79.934
2014-04-13,416.362321654,81.107
2014-04-14,461.1082465866,82.303
2014-04-15,521.6152996061,82.968
2014-04-16,531.481846732,83.915
2014-04-17,499.8375515447,85.036
2014-04-18,483.0200135336,85.255
2014-04-19,504.3655951785,85.827
2014-04-20,501.5571844492,86.402
2014-04-21,498.084530301,87.042
2014-04-22,489.5035100292,87.381
2014-04-23,490.6329675433,88.637
2014-04-24,503.2918010286,89.743
2014-04-25,466.4261713442,90.31
2014-04-26,459.2267098188,91.164
2014-04-27,438.7093637173,93.328
2014-04-28,441.5478054681,95.694
2014-04-29,447.709930772,98.067
2014-04-30,448.875715514,100.175
2014-05-01,460.194698256,102.079
2014-05-02,452.2397797617,103.984
2014-05-03,438.9785880058,107.771
2014-05-04,436.6753986447,112.388
2014-05-05,432.3381790354,116.84
2014-05-06,430.1282053945,122.023
2014-05-07,442.1828760959,127.945
2014-05-08,440.4027627119,131.133
2014-05-09,452.6979997236,133.795
2014-05-10,456.7558462887,136.061
2014-05-11,439.1144760374,139.469
2014-05-12,441.2809555815,143.529
2014-05-13,439.0057749854,145.629
2014-05-14,444.8482057276,147.964
2014-05-15,446.9615587376,150.024
2014-05-16,448.7421537113,151.545
2014-05-17,449.2222893045,153.384
2014-05-18,446.9626414378,155.309
2014-05-19,447.4048568089,157.452
2014-05-20,490.335648159,159.481
2014-05-21,493.9334918177,162.003
2014-05-22,526.8142884278,163.95
2014-05-23,523.6993202805,166.231
2014-05-24,527.6912431327,168.787
2014-05-25,573.312458796,171.642
2014-05-26,584.8479748685,171.815
2014-05-27,573.9282692455,174.173
2014-05-28,579.1893188194,177.788
2014-05-29,570.3493109293,178.131
2014-05-30,620.8463606078,183.66
2014-05-31,627.8924206897,183.417
2014-06-01,630.0749535359,183.994
2014-06-02,663.5057238457,188.298
2014-06-03,672.3878971362,188.701
2014-06-04,643.8873687902,189.103
2014-06-05,661.5035581531,189.194
2014-06-06,650.1333158971,188.404
2014-06-07,656.8002717709,188.385
2014-06-08,657.8199748685,189.009
2014-06-09,648.3363223261,189.104
2014-06-10,650.936609585,188.674
2014-06-11,631.4890222092,188.889
2014-06-12,591.9750771479,190.766
2014-06-13,597.0449997078,191.631
2014-06-14,575.5594617183,193.077
2014-06-15,589.7246464056,194.636
2014-06-16,590.5674821742,196.069
2014-06-17,609.0800029223,196.959
2014-06-18,607.6297960257,197.984
2014-06-19,595.7514769141,215.757
2014-06-20,591.5315227937,220.981
2014-06-21,592.7643495032,227.753
2014-06-22,599.6346335476,231.613
2014-06-23,589.5522998247,233.828
2014-06-24,579.9737185856,235.811
2014-06-25,562.2367799532,236.237
2014-06-26,580.7492302747,236.114
2014-06-27,600.638305377,235.876
2014-06-28,594.3903042081,235.791
2014-06-29,600.8405184103,237.417
2014-06-30,638.9461139684,237.677
2014-07-01,642.9565967271,237.827
2014-07-02,651.2983477499,237.909
2014-07-03,646.4133891303,238.383
2014-07-04,630.6355029223,238.69
2014-07-05,630.4683419053,239.051
2014-07-06,634.6726744594,239.846
2014-07-07,622.8549789597,240.25
2014-07-08,624.8943310929,240.4
2014-07-09,621.9390917592,246.814
2014-07-10,616.5228497954,248.885
2014-07-11,634.4943781414,249.433
2014-07-12,636.9239579345,250.125
2014-07-13,629.8757504383,250.711
2014-07-14,619.1974590883,251.746
2014-07-15,621.9346014027,257.017
2014-07-16,616.3518822326,259.663
2014-07-17,624.2592749854,260.251
2014-07-18,630.7501402688,260.687
2014-07-19,629.1733644068,260.949
2014-07-20,625.2486762127,261.609
2014-07-21,621.3053313852,262.505
2014-07-22,619.8232644652,263.122
2014-07-23,619.7728167738,263.613
2014-07-24,602.8796455289,264.076
2014-07-25,601.5785143191,264.462
2014-07-26,594.7026072472,264.833
2014-07-27,591.5754441847,265.513
2014-07-28,587.4930049679,266.413
2014-07-29,584.1123933372,266.561
2014-07-30,562.9146250731,266.891
2014-07-31,581.9755619521,267.156
2014-08-01,596.5067592051,262.546
2014-08-02,589.757261543,262.845
2014-08-03,586.7537367037,263.023
2014-08-04,587.6083354763,264.053
2014-08-05,581.8819886032,265.564
2014-08-06,582.2483714202,265.39
2014-08-07,586.0466335476,265.625
2014-08-08,589.0244126242,265.643
2014-08-09,588.9785213326,265.268
2014-08-10,589.3735020456,265.552
2014-08-11,573.4414839275,266.134
2014-08-12,568.3075201636,267.026
2014-08-13,548.3701753361,267.381
2014-08-14,505.1074997078,267.564
2014-08-15,500.3230601327,267.605
2014-08-16,521.7479628872,267.77
2014-08-17,497.7646589714,268.313
2014-08-18,468.9579181765,268.5
2014-08-19,486.7943506721,270.391
2014-08-20,515.1203538866,271.175
2014-08-21,519.3078521333,270.591
2014-08-22,516.1593687902,274.72
2014-08-23,497.1257594974,275.365
2014-08-24,508.4307419638,275.668
2014-08-25,501.6102866745,276.066
2014-08-26,511.8523217417,276.891
2014-08-27,510.1623237873,283.718
2014-08-28,506.2851516657,284.806
2014-08-29,508.8665718878,285.32
2014-08-30,501.2757232613,285.707
2014-08-31,478.5114254822,286.042
2014-09-01,474.5414897721,286.475
2014-09-02,474.4306706604,286.467
2014-09-03,473.9592033898,286.655
2014-09-04,489.5552013442,286.908
2014-09-05,478.7497828755,287.36
2014-09-06,480.6424918177,287.607
2014-09-07,478.3655008767,287.713
2014-09-08,468.9754959088,287.804
2014-09-09,473.5120271771,287.173
2014-09-10,477.7784175921,287.155
2014-09-11,477.2706820573,287.167
2014-09-12,473.9972822911,286.883
2014-09-13,477.9609739918,286.917
2014-09-14,475.6480639977,286.984
2014-09-15,472.6556297487,286.867
2014-09-16,464.1777545295,287.009
2014-09-17,456.3398912916,287.354
2014-09-18,426.880106955,287.441
2014-09-19,393.8938907072,287.364
2014-09-20,411.041342782,286.17
2014-09-21,400.4045306838,286.226
2014-09-22,400.8816221508,286.33
2014-09-23,438.4918009936,287.248
2014-09-24,423.7000917592,287.605
2014-09-25,409.5377498539,287.698
2014-09-26,405.2982518995,287.365
2014-09-27,400.5993345996,287.384
2014-09-28,375.5499897721,287.638
2014-09-29,373.0645578609,287.217
2014-09-30,389.2640404115,287.619
2014-10-01,382.9093658679,287.491
2014-10-02,372.5256990064,287.5
2014-10-03,357.6657136178,287.695
2014-10-04,328.8261130918,287.803
2014-10-05,322.826261543,288.434
2014-10-06,326.8035327294,288.392
2014-10-07,333.5701949153,288.272
2014-10-08,354.4073343074,288.233
2014-10-09,361.7164248977,288.584
2014-10-10,358.8903908101,288.523
2014-10-11,361.9083769725,288.829
2014-10-12,377.8712437171,288.573
2014-10-13,391.9942089421,288.964
2014-10-14,400.8805920544,288.976
2014-10-15,394.6258798948,289.07
2014-10-16,382.3214763296,289.238
2014-10-17,382.2007895967,289.065
2014-10-18,391.2931770894,289.276
2014-10-19,388.6844979544,289.562
2014-10-20,381.1908585622,289.747
2014-10-21,385.2046335412,290.069
2014-10-22,380.7787632963,290.385
2014-10-23,357.3447931034,290.646
2014-10-24,357.4884339568,290.774
2014-10-25,345.8112466394,291.301
2014-10-26,353.081956166,292.521
2014-10-27,350.0157118644,293.011
2014-10-28,354.6538050847,293.285
2014-10-29,333.5993500877,293.408
2014-10-30,344.6093822326,292.665
2014-10-31,337.1829126242,292.248
2014-11-01,324.3713150205,291.917
2014-11-02,324.2485666277,291.667
2014-11-03,325.3618655757,293.016
2014-11-04,329.6577039743,294.26
2014-11-05,338.8057653419,294.069
2014-11-06,349.6899117475,294.31
2014-11-07,342.1332881356,294.716
2014-11-08,345.7163325541,294.812
2014-11-09,363.6100517241,294.991
2014-11-10,365.5022539451,295.122
2014-11-11,367.8254669784,295.485
2014-11-12,422.5914196376,295.324
2014-11-13,421.914471654,295.15
2014-11-14,398.3888828171,295.258
2014-11-15,377.9938407364,295.366
2014-11-16,390.205823495,296.215
2014-11-17,387.5010315605,298.72
2014-11-18,373.8645645821,301.067
2014-11-19,377.6133980129,306.735
2014-11-20,356.1812653419,306.551
2014-11-21,350.7488588545,306.536
2014-11-22,352.4555146113,306.654
2014-11-23,367.773242256,306.786
2014-11-24,376.9942238457,306.932
2014-11-25,376.7556300409,306.991
2014-11-26,367.5302080655,307.07
2014-11-27,369.5302273524,307.069
2014-11-28,377.8969319112,298.305
2014-11-29,376.0763354763,298.317
2014-11-30,378.6903971362,298.699
2014-12-01,379.1119789597,299.623
2014-12-02,382.9467963179,299.762
2014-12-03,375.916019287,300.064
2014-12-04,368.8455680888,299.052
2014-12-05,378.4283296318,299.143
2014-12-06,375.1379511981,299.526
2014-12-07,376.6397931034,299.884
2014-12-08,363.2156767972,295.858
2014-12-09,351.1068378141,296.339
2014-12-10,347.8813939217,296.734
2014-12-11,348.5930061368,296.91
2014-12-12,353.1906125073,296.993
2014-12-13,349.2429450614,297.214
2014-12-14,356.0797215079,297.401
2014-12-15,347.0951814728,297.377
2014-12-16,328.6133202805,299.4
2014-12-17,320.297613384,299.587
2014-12-18,313.5116511794,299.687
2014-12-19,318.2428886616,299.848
2014-12-20,330.0657583285,299.915
2014-12-21,320.992670076,299.917
2014-12-22,331.8425844535,299.981
2014-12-23,336.0841285798,299.92
2014-12-24,323.0322977791,297.58
2014-12-25,318.99614436,297.528
2014-12-26,329.2103419053,297.983
2014-12-27,315.9684438925,297.925
2014-12-28,317.0104804208,298.461
2014-12-29,313.0655315605,298.373
2014-12-30,310.4420040912,297.565
2014-12-31,320.6622872589,297.177
2015-01-01,314.7764719462,297.289
2015-01-02,315.9427317358,297.326
2015-01-03,285.6473097604,295.87
2015-01-04,263.3345748101,295.964
2015-01-05,275.0038515488,296.25
2015-01-06,287.5495210403,296.547
2015-01-07,297.5355651666,296.625
2015-01-08,284.3423918761,296.736
2015-01-09,292.5011145529,296.856
2015-01-10,276.2305321449,297.007
2015-01-11,268.755515488,297.478
2015-01-12,268.6172320281,299.775
2015-01-13,224.1081177674,300.012
2015-01-14,175.6376405611,299.956
2015-01-15,212.3410113968,300.152
2015-01-16,207.595204851,300.148
2015-01-17,199.8248366452,300.359
2015-01-18,211.1325184103,300.492
2015-01-19,216.8946949153,300.694
2015-01-20,211.9198538866,301.046
2015-01-21,227.9042104033,300.811
2015-01-22,233.6473828171,300.8
2015-01-23,233.1328524255,300.774
2015-01-24,249.0821239042,300.793
2015-01-25,254.5179412624,300.858
2015-01-26,273.952244886,300.464
2015-01-27,264.7538045003,300.412
2015-01-28,235.7358404442,300.518
2015-01-29,233.9573734658,300.549
2015-01-30,228.8961899474,300.69
2015-01-31,217.3321560491,300.712
2015-02-01,227.1113012858,300.74
2015-02-02,240.0924199299,300.707
2015-02-03,227.7756957919,300.922
2015-02-04,226.7811341321,300.865
2015-02-05,217.0111510812,300.814
2015-02-06,222.7249693162,300.906
2015-02-07,228.6471274109,300.935
2015-02-08,224.0359888954,300.974
2015-02-09,220.7684938632,301.002
2015-02-10,220.8881542957,301.08
2015-02-11,219.4958597312,301.12
2015-02-12,222.5832279369,301.209
2015-02-13,236.5553638223,301.338
2015-02-14,257.6276957919,301.285
2015-02-15,234.4458030392,301.415
2015-02-16,235.0861268264,301.507
2015-02-17,243.9057942724,301.463
2015-02-18,235.9952323203,301.493
2015-02-19,241.8722539451,301.058
2015-02-20,245.5307752776,301.838
2015-02-21,245.59600263,301.838
2015-02-22,236.6906683226,301.966
2015-02-23,239.0660178258,301.871
2015-02-24,239.8692621274,301.648
2015-02-25,238.2361110462,301.428
2015-02-26,237.0444023963,301.514
2015-02-27,255.1167744009,301.687
2015-02-28,254.9484485681,301.614
2015-03-01,260.6513308007,301.882
2015-03-02,276.3226136762,301.917
2015-03-03,282.7059009351,302.352
2015-03-04,273.4475365283,302.483
2015-03-05,276.2688091759,302.33
2015-03-06,273.3181148451,302.468
2015-03-07,276.4033573933,302.138
2015-03-08,275.3380338983,302.209
2015-03-09,290.1300590298,302.24
2015-03-10,292.3203831093,302.884
2015-03-11,296.6933293396,302.887
2015-03-12,295.8003448276,302.99
2015-03-13,285.9110263004,302.484
2015-03-14,283.6083062537,302.464
2015-03-15,287.2701420222,302.288
2015-03-16,291.3921180596,302.291
2015-03-17,285.2483965517,302.344
2015-03-18,257.2861601403,302.239
2015-03-19,262.0929479836,302.18
2015-03-20,262.9664921099,302.1
2015-03-21,261.1842974869,302.269
2015-03-22,268.8994158387,302.337
2015-03-23,266.7779929866,302.348
2015-03-24,246.8350829924,302.554
2015-03-25,246.7191367621,302.5
2015-03-26,249.532993571,302.553
2015-03-27,247.3788983051,302.544
2015-03-28,253.2316139684,302.579
2015-03-29,242.9676142607,302.624
2015-03-30,248.3369345412,302.615
2015-03-31,244.7124856809,302.623
2015-04-01,247.1858194039,301.937
2015-04-02,253.6300704267,302.135
2015-04-03,254.833163647,302.034
2015-04-04,253.9458486265,302.075
2015-04-05,261.1121361777,302.1
2015-04-06,256.3673869082,302.093
2015-04-07,254.8318980129,302.079
2015-04-08,245.8252104033,302.096
2015-04-09,243.8606361777,302.017
2015-04-10,235.8719006429,301.488
2015-04-11,237.4090677966,301.534
2015-04-12,237.1410423729,301.481
2015-04-13,225.5056358854,301.4
2015-04-14,219.7572367037,301.399
2015-04-15,223.3139079486,300.662
2015-04-16,228.4938153127,300.711
2015-04-17,222.7850601987,300.725
2015-04-18,223.3980441262,300.853
2015-04-19,223.284135301,301.017
2015-04-20,224.8949035652,301.046
2015-04-21,234.9393565167,301.081
2015-04-22,233.822418761,301.095
2015-04-23,235.9332936879,301.094
2015-04-24,231.4585923437,300.947
2015-04-25,226.4459929866,300.929
2015-04-26,220.5034067797,300.837
2015-04-27,227.3259903565,300.721
2015-04-28,225.5493687902,300.684
2015-04-29,225.6692884278,300.714
2015-04-30,236.3279760374,300.663
2015-05-01,232.7465827002,300.579
2015-05-02,235.5400771479,300.518
2015-05-03,240.4642489772,300.543
2015-05-04,238.9766613092,300.571
2015-05-05,236.0233834015,300.458
2015-05-06,229.4812193004,300.429
2015-05-07,237.1306873174,301.07
2015-05-08,244.3834728229,301.116
2015-05-09,242.7059500292,301.095
2015-05-10,240.7314839275,301.079
2015-05-11,242.2498372297,300.844
2015-05-12,242.2090920514,300.774
2015-05-13,236.5502659264,301.838
2015-05-14,236.9489167154,301.825
2015-05-15,237.4845023378,301.788
2015-05-16,235.8121344243,301.791
2015-05-17,236.963682934,301.913
2015-05-18,232.8838496154,301.942
2015-05-19,231.9744468147,301.931
2015-05-20,234.1903062537,301.894
2015-05-21,235.5538217417,301.836
2015-05-22,240.3232036821,301.784
2015-05-23,238.9632817066,301.68
2015-05-24,240.7117583285,301.661
2015-05-25,237.0035432496,301.51
2015-05-26,236.7962612507,301.452
2015-05-27,237.2035964348,301.373
2015-05-28,236.9568819404,301.237
2015-05-29,236.6465265926,301.188
2015-05-30,232.7887700175,300.301
2015-05-31,229.4505479252,300.199
2015-06-01,223.2827019287,299.95
2015-06-02,225.3208009936,299.88
2015-06-03,225.2130634132,299.78
2015-06-04,223.5400768556,299.69
2015-06-05,224.7310718878,299.64
2015-06-06,225.1605131502,299.59
2015-06-07,223.4116858562,299.4
2015-06-08,228.7742913501,299.37
2015-06-09,229.3705295149,299.35
2015-06-10,228.5884874342,299.23
2015-06-11,229.5844117475,299.06
2015-06-12,229.8112185102,299.15
2015-06-13,233.0153445354,298.96
2015-06-14,232.5071087084,298.93
2015-06-15,236.7909628872,298.91
2015-06-16,251.4326767972,298.95
2015-06-17,247.9693176505,298.87
2015-06-18,249.0124795441,298.83
2015-06-19,244.8034842198,297.77
2015-06-20,245.5825131502,297.86
2015-06-21,244.3002600818,297.9
2015-06-22,247.0178924605,297.79
2015-06-23,244.1847632963,297.59
2015-06-24,240.4515452951,297.33
2015-06-25,242.3478576856,297.2
2015-06-26,242.96799737,297.12
2015-06-27,251.5293267095,297.17
2015-06-28,249.0582857978,297.1
2015-06-29,256.6502223846,297.02
2015-06-30,263.854356865,296.97
2015-07-01,258.0426475745,296.93
2015-07-02,254.747113384,295.78
2015-07-03,256.0870428334,295.25
2015-07-04,260.509239626,295.22
2015-07-05,271.3024582116,295.02
2015-07-06,269.1379400935,294.93
2015-07-07,266.4699190532,294.99
2015-07-08,270.5761428989,294.92
2015-07-09,269.6803047925,294.53
2015-07-10,285.5587808299,294.2
2015-07-11,293.9174538282,294.04
2015-07-12,311.4818798948,294.05
2015-07-13,292.6492238457,293.89
2015-07-14,287.7409514904,293.73
2015-07-15,285.9228854471,293.62
2015-07-16,278.5327492694,293.5
2015-07-17,280.0647247224,293.48
2015-07-18,277.354635301,293.36
2015-07-19,275.2819894798,293.32
2015-07-20,279.114393045,292.99
2015-07-21,276.6524126242,292.84
2015-07-22,277.7643690824,292.81
2015-07-23,276.8116285798,292.7
2015-07-24,289.3059763296,292.6
2015-07-25,289.5076399766,292.6
2015-07-26,293.314842782,292.56
2015-07-27,294.4267618352,292.39
2015-07-28,295.4101252688,292.3
2015-07-29,289.855836353,292.15
2015-07-30,288.2362606663,291.85
2015-07-31,284.5973243717,291.86
2015-08-01,281.6688462887,291.82
2015-08-02,282.423006429,291.82
2015-08-03,282.1850523086,291.8
2015-08-04,285.2866174752,291.55
2015-08-05,282.3388869082,291.52
2015-08-06,278.995748685,291.41
2015-08-07,279.4887150789,291.33
2015-08-08,261.4502755698,291.78
2015-08-09,266.3420204559,290.35
2015-08-10,264.9288252484,290.29
2015-08-11,271.4217361192,290.27
2015-08-12,268.143868498,290.21
2015-08-13,264.6916279953,290.15
2015-08-14,266.3559415546,290.15
2015-08-15,261.9368366452,289.89
2015-08-16,258.9308173898,289.46
2015-08-17,258.0093983051,289.44
2015-08-18,217.8858831169,289.14
2015-08-19,227.2182518995,289.48
2015-08-20,235.5238831093,289.42
2015-08-21,232.8006178399,289.29
2015-08-22,230.6391732905,289.1
2015-08-23,228.6730739334,289.06
2015-08-24,211.9559175921,289.08
2015-08-25,222.6550394506,287.54
2015-08-26,226.1167001753,287.26
2015-08-27,224.9398772648,287.24
2015-08-28,232.1708082992,287.22
2015-08-29,229.8262001753,287.01
2015-08-30,229.0195724722,286.61
2015-08-31,230.6894661017,286.49
2015-09-01,227.9555704267,286.49
2015-09-02,229.5021807095,286.2
2015-09-03,227.1071215663,286.05
2015-09-04,231.1775634132,285.99
2015-09-05,235.9030061368,285.94
2015-09-06,240.8054722385,285.89
2015-09-07,240.6336157218,285.81
2015-09-08,244.1749526593,285.69
2015-09-09,238.7224631794,285.68
2015-09-10,238.7504772063,285.5
2015-09-11,240.8450081169,285.45
2015-09-12,236.3518321765,285.44
2015-09-13,230.5488373174,285.4
2015-09-14,230.9487939801,285.36
2015-09-15,230.3985900058,285.34
2015-09-16,229.0432857978,285.33
2015-09-17,233.2026978375,285.13
2015-09-18,233.1751309176,285.1
2015-09-19,232.2415680888,285.07
2015-09-20,231.3623237873,285.0
2015-09-21,226.7734479836,285.1
2015-09-22,230.6263047925,284.97
2015-09-23,230.1324377557,284.76
2015-09-24,234.319868498,284.75
2015-09-25,235.5382218001,284.66
2015-09-26,234.591814436,284.57
2015-09-27,233.2433097604,284.53
2015-09-28,240.0172653419,284.35
2015-09-29,237.3362337814,284.26
2015-09-30,236.7398480421,284.23
2015-10-01,238.2298138515,284.17
2015-10-02,237.9370073057,284.14
2015-10-03,239.7358977206,284.11
2015-10-04,239.5169248977,284.07
2015-10-05,240.9612138334,284.02
2015-10-06,246.9404982466,283.92
2015-10-07,243.7344868498,283.85
2015-10-08,243.0296329632,283.7
2015-10-09,244.4488874927,283.67
2015-10-10,245.9559243133,283.52
2015-10-11,248.5281654004,283.45
2015-10-12,246.0936373466,283.12
2015-10-13,250.4713007013,283.03
2015-10-14,253.1423255406,282.66
2015-10-15,254.6930150029,282.59
2015-10-16,262.7373632379,282.54
2015-10-17,271.9309389246,282.48
2015-10-18,263.4816773816,282.45
2015-10-19,264.3627282291,282.33
2015-10-20,270.8322118644,282.35
2015-10-21,268.0402177089,282.32
2015-10-22,275.4149564582,282.23
2015-10-23,278.6127780269,282.18
2015-10-24,283.6111428989,282.17
2015-10-25,286.0496934541,282.14
2015-10-26,286.7033828171,282.09
2015-10-27,295.5629137931,282.07
2015-10-28,304.4420970193,282.09
2015-10-29,314.8794623027,282.06
2015-10-30,328.4923211572,282.1
2015-10-31,314.1195081823,282.23
2015-11-01,329.8542276447,282.39
2015-11-02,364.6166279953,282.34
2015-11-03,400.9231052016,281.8
2015-11-04,405.4816814728,281.64
2015-11-05,384.341222969,281.81
2015-11-06,372.9754178843,281.62
2015-11-07,386.5045508475,281.82
2015-11-08,372.4001297487,281.71
2015-11-09,380.49564436,281.54
2015-11-10,337.8305023378,281.09
2015-11-11,308.9221858562,280.96
2015-11-12,337.5229886032,280.88
2015-11-13,337.2789582116,281.01
2015-11-14,333.0471174752,280.98
2015-11-15,319.9280216248,280.91
2015-11-16,331.1327250146,280.9
2015-11-17,335.84978609,280.85
2015-11-18,335.7445049679,280.8
2015-11-19,326.2321455289,280.7
2015-11-20,321.940475453,280.65
2015-11-21,325.9052311514,280.62
2015-11-22,323.7169661017,280.68
2015-11-23,323.0125563413,280.64
2015-11-24,319.9613565272,280.63
2015-11-25,328.9604573349,280.62
2015-11-26,356.255292519,280.61
2015-11-27,359.2688243717,280.93
2015-11-28,356.5673226184,280.91
2015-11-29,371.7076125073,280.86
2015-11-30,377.3898398597,280.76
2015-12-01,362.5323758036,280.71
2015-12-02,359.2224041496,280.53
2015-12-03,361.2100680888,280.44
2015-12-04,363.2416317943,280.42
2015-12-05,389.362958796,280.27
2015-12-06,393.3191297487,280.21
2015-12-07,395.3465882525,280.15
2015-12-08,413.7986604325,280.13
2015-12-09,417.6326712449,280.15
2015-12-10,415.7299243133,280.11
2015-12-11,453.8614801286,279.95
2015-12-12,435.8557223846,279.89
2015-12-13,434.4034663939,279.8
2015-12-14,442.9916896552,279.94
2015-12-15,464.6178717124,279.91
2015-12-16,454.1424924021,279.88
2015-12-17,456.2401346113,279.83
2015-12-18,463.1757697253,279.83
2015-12-19,461.3999079486,279.88
2015-12-20,442.1539900643,279.84
2015-12-21,437.6401294565,279.76
2015-12-22,435.2683790181,279.76
2015-12-23,442.6657270602,279.69
2015-12-24,455.8787130333,279.64
2015-12-25,455.7188258328,279.59
2015-12-26,418.2215315605,279.53
2015-12-27,422.7058945061,279.46
2015-12-28,421.0528796026,279.45
2015-12-29,431.3400213326,279.44
2015-12-30,426.0436469901,279.39
2015-12-31,429.6771534191,279.65
2016-01-01,434.678006429,279.63
2016-01-02,434.4398772648,279.61
2016-01-03,430.1361800117,279.51
2016-01-04,433.4489710696,279.48
2016-01-05,432.66950263,279.42
2016-01-06,430.6778696669,279.38
2016-01-07,459.2089400935,279.73
2016-01-08,454.1344237288,279.6
2016-01-09,449.8452162478,279.55
2016-01-10,448.5802162478,279.59
2016-01-11,449.0330590298,279.4
2016-01-12,441.768157218,279.38
2016-01-13,432.3106452367,279.11
2016-01-14,429.8232247224,279.04
2016-01-15,367.8231998831,278.91
2016-01-16,388.0712045587,278.75
2016-01-17,382.4820864991,278.74
2016-01-18,384.8651665693,278.73
2016-01-19,378.1617250146,278.73
2016-01-20,420.6229241683,278.7
2016-01-21,409.2984596727,278.0
2016-01-22,381.0464593805,276.56
2016-01-23,386.3706025716,276.15
2016-01-24,403.4469266511,276.13
2016-01-25,391.9860973115,276.12
2016-01-26,391.1429351257,275.97
2016-01-27,394.6275303741,275.89
2016-01-28,378.9009956166,275.78
2016-01-29,378.9999948229,275.73
2016-01-30,377.2627790766,275.7
2016-01-31,366.3416876096,275.66
2016-02-01,371.2234350906,275.11
2016-02-02,372.9276312098,275.04
2016-02-03,368.0982066043,274.99
2016-02-04,389.723081239,274.82
2016-02-05,384.3984139831,274.72
2016-02-06,374.6315555231,274.62
2016-02-07,375.1539175921,274.54
2016-02-08,370.8143503273,274.51
2016-02-09,373.5116128609,274.31
2016-02-10,379.0826116306,274.23
2016-02-11,377.6391651081,274.23
2016-02-12,382.2944564582,274.19
2016-02-13,389.5984324722,274.16
2016-02-14,406.1506694915,274.01
2016-02-15,399.267618647,273.9
2016-02-16,407.0353094681,273.82
2016-02-17,415.324113384,273.88
2016-02-18,421.2896629819,273.75
2016-02-19,419.6265285412,273.81
2016-02-20,440.1957600818,273.77
2016-02-21,438.7186126815,273.64
2016-02-22,437.5352950941,273.59
2016-02-23,420.0325926096,273.48
2016-02-24,423.9951125073,273.45
2016-02-25,424.0908702513,273.38
2016-02-26,431.7622419638,273.37
2016-02-27,432.9478459965,273.31
2016-02-28,433.1022627119,273.28
2016-02-29,437.7758725891,273.34
2016-03-01,432.8078671537,273.03
2016-03-02,423.0797893922,273.06
2016-03-03,419.2688213326,272.88
2016-03-04,407.9901542957,272.84
2016-03-05,397.3144539451,272.97
2016-03-06,403.7051874635,272.96
2016-03-07,413.2293661601,272.97
2016-03-08,411.4259532437,272.85
2016-03-09,412.5407035067,272.69
2016-03-10,416.3409286967,272.58
2016-03-11,419.511934249,272.54
2016-03-12,410.2641632963,272.59
2016-03-13,411.8058824664,272.55
2016-03-14,415.0269572764,272.5
2016-03-15,415.2664002922,272.52
2016-03-16,417.0241184687,272.53
2016-03-17,418.6053638223,272.56
2016-03-18,408.901587405,272.67
2016-03-19,409.1244298656,272.64
2016-03-20,412.0569538282,272.63
2016-03-21,411.6017740503,272.71
2016-03-22,416.5816538282,272.79
2016-03-23,417.3782995324,272.81
2016-03-24,413.5602399182,272.79
2016-03-25,416.373243834,272.8
2016-03-26,416.8230966686,272.8
2016-03-27,425.454959848,272.78
2016-03-28,422.9174468147,272.75
2016-03-29,415.8638287551,272.74
2016-03-30,412.7776977791,272.7
2016-03-31,415.9568112215,272.59
2016-04-01,417.2006602572,272.38
2016-04-02,419.763056692,272.42
2016-04-03,420.0735789012,272.47
2016-04-04,419.5407278784,272.52
2016-04-05,422.5013644068,272.6
2016-04-06,421.9071912332,272.66
2016-04-07,421.4672200468,272.92
2016-04-08,418.6434605494,272.84
2016-04-09,418.7586353594,272.87
2016-04-10,421.9544885447,272.9
2016-04-11,423.2730440094,273.19
2016-04-12,427.4276645821,273.5
2016-04-13,424.8725181181,273.88
2016-04-14,425.8565949737,273.86
2016-04-15,430.724418761,273.93
2016-04-16,432.2163130333,273.9
2016-04-17,429.3399687317,273.97
2016-04-18,429.6569336645,274.04
2016-04-19,437.5687261835,274.05
2016-04-20,442.6616533022,274.01
2016-04-21,452.1647028054,274.3
2016-04-22,448.1344213326,274.36
2016-04-23,453.914722969,274.42
2016-04-24,463.3828714202,274.46
2016-04-25,465.3160066628,274.44
2016-04-26,469.6087645237,274.46
2016-04-27,445.7411130918,274.52
2016-04-28,451.0600617767,274.53
2016-04-29,457.009965225,275.71
2016-04-30,449.900484512,275.72
2016-05-01,455.0107311514,275.66
2016-05-02,444.9330611923,275.67
2016-05-03,451.6288503799,275.7
2016-05-04,448.3679675628,275.71
2016-05-05,449.3360724722,275.79
2016-05-06,461.6938623612,275.85
2016-05-07,461.3618424898,275.62
2016-05-08,461.3788722969,275.65
2016-05-09,463.4622316774,275.72
2016-05-10,451.0796683226,275.8
2016-05-11,453.8963052601,275.83
2016-05-12,455.6072559322,275.87
2016-05-13,457.2419026885,275.87
2016-05-14,458.1195248393,276.0
2016-05-15,460.8577206312,276.05
2016-05-16,455.2240773232,275.98
2016-05-17,453.545777031,276.13
2016-05-18,454.4861841029,276.43
2016-05-19,437.724187142,276.58
2016-05-20,442.3967992402,276.63
2016-05-21,444.0782071888,276.7
2016-05-22,440.5586688486,276.91
2016-05-23,444.2050572764,277.01
2016-05-24,445.6744549386,277.07
2016-05-25,450.5495271771,277.16
2016-05-26,454.4337223846,277.25
2016-05-27,471.8201172998,277.46
2016-05-28,530.910597896,277.42
2016-05-29,527.5497124489,277.56
2016-05-30,533.4931490357,277.66
2016-05-31,530.9436928112,277.68
2016-06-01,537.6136788428,277.56
2016-06-02,538.7712431911,277.79
2016-06-03,570.1759882525,277.78
2016-06-04,574.2662016365,277.79
2016-06-05,575.1376380479,278.21
2016-06-06,585.8571490357,278.09
2016-06-07,578.469240678,278.04
2016-06-08,583.0975853302,278.02
2016-06-09,577.1016997078,278.05
2016-06-10,579.814993571,278.01
2016-06-11,605.4495569842,278.06
2016-06-12,670.3923743425,277.69
2016-06-13,704.3217781414,277.6
2016-06-14,684.9483194039,277.28
2016-06-15,695.0014684395,277.26
2016-06-16,767.4200312683,277.33
2016-06-17,750.0146339275,277.26
2016-06-18,758.2887801286,277.35
2016-06-19,766.767132671,277.48
2016-06-20,722.497452367,277.74
2016-06-21,669.6042046756,277.86
2016-06-22,594.8329746347,277.91
2016-06-23,627.67785564,278.05
2016-06-24,664.1269856809,278.49
2016-06-25,668.8726841029,278.19
2016-06-26,630.4342421391,278.53
2016-06-27,652.2448077148,278.78
2016-06-28,647.2187683811,278.97
2016-06-29,638.5863456458,279.3
2016-06-30,674.2848147282,279.34
2016-07-01,677.5123857393,279.55
2016-07-02,702.7393167738,279.95
2016-07-03,662.5500859147,280.25
2016-07-04,679.8424533606,280.37
2016-07-05,668.1659812975,280.67
2016-07-06,677.6513331385,280.6
2016-07-07,640.0532361192,280.58
2016-07-08,665.0517083577,280.6
2016-07-09,651.9419140269,279.71
2016-07-10,649.9593409702,280.02
2016-07-11,650.2725946815,281.14
2016-07-12,670.0231279953,281.21
2016-07-13,658.333613384,281.29
2016-07-14,660.9059601987,281.51
2016-07-15,666.758671128,281.58
2016-07-16,665.2756221508,281.69
2016-07-17,681.0896019871,282.41
2016-07-18,675.1185791935,282.58
2016-07-19,674.6603603156,282.45
2016-07-20,667.3053648743,282.47
2016-07-21,666.8517393337,282.51
2016-07-22,650.5629116306,282.46
2016-07-23,657.3779429573,282.49
2016-07-24,661.3939798364,282.62
2016-07-25,655.1195778492,282.56
2016-07-26,654.6263391584,282.97
2016-07-27,656.2751468732,283.07
2016-07-28,656.1964533606,282.01
2016-07-29,657.5575675044,282.11
2016-07-30,655.3617301578,282.3
2016-07-31,624.804487142,282.49
2016-08-01,606.5092479252,282.52
2016-08-02,526.9811483343,282.09
2016-08-03,570.3470409117,282.06
2016-08-04,583.5421580362,282.16
2016-08-05,581.2798056692,282.19
2016-08-06,590.7954029807,282.29
2016-08-07,594.732324021,282.64
2016-08-08,591.6292838691,283.84
2016-08-09,587.9321382233,284.23
2016-08-10,589.9687583285,284.36
2016-08-11,589.5858846873,284.42
2016-08-12,587.1916495617,285.01
2016-08-13,585.3635816482,285.17
2016-08-14,571.3870625365,285.13
2016-08-15,566.5644413209,285.23
2016-08-16,578.4149241379,285.15
2016-08-17,573.6637444185,284.64
2016-08-18,573.263191993,285.07
2016-08-19,573.9584579193,285.2
2016-08-20,581.7970701344,285.24
2016-08-21,580.7921925774,285.58
2016-08-22,584.9718977206,285.84
2016-08-23,582.6277473992,286.08
2016-08-24,578.7018316774,286.31
2016-08-25,576.0334365868,286.43
2016-08-26,578.8746534191,286.48
2016-08-27,570.2009937463,287.25
2016-08-28,575.1052325541,287.41
2016-08-29,573.4292675628,287.53
2016-08-30,575.695698422,287.53
2016-08-31,572.2727583285,287.57
2016-09-01,572.2217020456,288.19
2016-09-02,576.8467673875,287.69
2016-09-03,600.3744067797,287.87
2016-09-04,610.5389133255,287.92
2016-09-05,607.526964173,287.99
2016-09-06,612.99545827,288.14
2016-09-07,615.6598191116,288.21
2016-09-08,630.5501720047,288.3
2016-09-09,622.9778840444,289.0
2016-09-10,624.7526404442,289.12
2016-09-11,608.2466759205,289.51
2016-09-12,607.707372706,289.54
2016-09-13,608.6942963179,289.7
2016-09-14,609.413087668,290.21
2016-09-15,607.070262595,290.47
2016-09-16,607.8064380479,290.56
2016-09-17,607.3814496786,290.7
2016-09-18,611.5334603156,290.78
2016-09-19,608.8713063121,291.11
2016-09-20,608.3717486265,291.25
2016-09-21,596.9457566335,291.37
2016-09-22,595.56471654,291.59
2016-09-23,602.3787849211,291.78
2016-09-24,602.6873597312,291.63
2016-09-25,600.6100548802,291.79
2016-09-26,606.7788106371,291.89
2016-09-27,605.1516137347,292.49
2016-09-28,604.6864943892,292.68
2016-09-29,605.2025619521,292.84
2016-09-30,608.8658407364,293.02
2016-10-01,615.4084788428,293.14
2016-10-02,611.7485783168,293.36
2016-10-03,612.5903473992,293.5
2016-10-04,610.0078813559,293.98
2016-10-05,612.1477809468,294.05
2016-10-06,611.7608627703,294.23
2016-10-07,617.9057051432,294.35
2016-10-08,619.3010017534,294.5
2016-10-09,617.1010413209,294.58
2016-10-10,618.0852,294.76
2016-10-11,642.9813872589,294.95
2016-10-12,636.5979322034,294.96
2016-10-13,635.4440953244,294.98
2016-10-14,639.5860902981,295.71
2016-10-15,637.283759322,295.87
2016-10-16,642.9130425482,296.12
2016-10-17,639.1375364699,296.25
2016-10-18,635.5765085915,296.52
2016-10-19,629.6407080362,296.7
2016-10-20,628.5989011105,296.87
2016-10-21,630.9062033898,297.24
2016-10-22,654.508630976,297.53
2016-10-23,651.9619567504,297.82
2016-10-24,650.0271671537,298.0
2016-10-25,655.7925050847,298.2
2016-10-26,675.1098693162,298.65
2016-10-27,686.5233270602,298.4
2016-10-28,690.3906549386,298.82
2016-10-29,715.4454693162,299.94
2016-10-30,699.3334109877,300.28
2016-10-31,698.8977279953,300.65
2016-11-01,730.5784800117,300.99
2016-11-02,740.3670555231,301.18
2016-11-03,689.939206955,301.22
2016-11-04,705.4320166569,301.31
2016-11-05,706.8193255698,301.42
2016-11-06,715.8968797779,301.76
2016-11-07,706.1812167738,301.66
2016-11-08,711.8358465809,301.81
2016-11-09,721.5015099357,301.82
2016-11-10,713.4076156049,302.03
2016-11-11,715.7033106371,302.03
2016-11-12,703.8475511397,302.11
2016-11-13,703.626435301,302.26
2016-11-14,705.6435841613,302.37
2016-11-15,712.3471528346,302.43
2016-11-16,742.0501175921,302.41
2016-11-17,735.3180805377,302.54
2016-11-18,749.578727294,302.86
2016-11-19,751.2138194039,303.17
2016-11-20,730.3508136178,303.74
2016-11-21,736.5069839275,304.1
2016-11-22,747.9976779661,304.04
2016-11-23,741.2403179427,305.39
2016-11-24,737.354975979,307.18
2016-11-25,739.6852001753,307.55
2016-11-26,734.6529258913,307.69
2016-11-27,727.7411158387,308.27
2016-11-28,730.0824837522,308.56
2016-11-29,731.6464357101,309.25
2016-11-30,742.204451315,309.38
2016-12-01,753.674910111,309.56
2016-12-02,772.3023827294,309.35
2016-12-03,766.1104681473,309.4
2016-12-04,766.3801390999,309.64
2016-12-05,752.670726242,310.07
2016-12-06,759.1173257744,310.35
2016-12-07,764.9876500877,311.73
2016-12-08,767.6592246347,312.15
2016-12-09,771.9023210988,312.59
2016-12-10,775.4745613092,312.66
2016-12-11,770.4961504968,314.07
2016-12-12,778.5065990649,314.34
2016-12-13,778.9306945646,314.6
2016-12-14,776.9639614845,314.85
2016-12-15,776.1767819988,315.43
2016-12-16,782.2302158971,315.68
2016-12-17,789.6029322034,316.0
2016-12-18,790.632966526,316.83
2016-12-19,790.2790316774,317.21
2016-12-20,799.7775207481,317.21
2016-12-21,828.4836792519,317.38
2016-12-22,858.5014339568,317.5
2016-12-23,915.5624383402,317.35
2016-12-24,891.1552720631,317.38
2016-12-25,896.0032793103,316.74
2016-12-26,903.2012466394,316.99
2016-12-27,925.9508104617,317.09
2016-12-28,979.9609739918,317.22
2016-12-29,973.4625594389,317.41
2016-12-30,961.1826581531,317.67
2016-12-31,968.9705970193,317.96
2017-01-01,997.2573579778,319.25
2017-01-02,1017.07788609,319.36
2017-01-03,1032.6090531853,319.53
2017-01-04,1134.4964453536,319.52
2017-01-05,1000.4981289305,318.91
2017-01-06,892.46395564,318.64
2017-01-07,903.4532836353,318.71
2017-01-08,912.4849970777,318.67
2017-01-09,903.508666803,320.2
2017-01-10,906.4989473992,320.37
2017-01-11,788.3146559906,320.41
2017-01-12,807.1098335476,320.63
2017-01-13,826.7469274109,321.01
2017-01-14,820.0451572764,321.21
2017-01-15,824.5470651666,321.41
2017-01-16,830.8380350672,321.5
2017-01-17,906.0268281122,321.65
2017-01-18,881.2598153711,321.56
2017-01-19,902.2638699591,322.29
2017-01-20,895.1745161894,322.16
2017-01-21,924.4682594974,322.29
2017-01-22,922.4670773816,322.47
2017-01-23,919.1157441262,322.73
2017-01-24,887.7431938048,322.5
2017-01-25,895.6900332554,322.74
2017-01-26,916.6674685564,323.01
2017-01-27,920.4544634717,323.13
2017-01-28,922.7749485681,323.45
2017-01-29,915.6320231444,323.66
2017-01-30,920.3132607832,323.78
2017-01-31,968.4991056692,323.92
2017-02-01,987.532590415,323.69
2017-02-02,1007.7043659848,323.91
2017-02-03,1015.3020394506,323.62
2017-02-04,1033.7859729983,323.68
2017-02-05,1014.5678757452,323.86
2017-02-06,1023.3174811806,323.75
2017-02-07,1053.6244590298,323.82
2017-02-08,1052.3676453536,323.92
2017-02-09,982.7519394506,323.89
2017-02-10,996.6501531268,323.71
2017-02-11,1011.3753222092,323.88
2017-02-12,1006.2964648743,323.9
2017-02-13,999.9531849795,323.96
2017-02-14,1012.2134635301,324.17
2017-02-15,1013.9038405026,324.43
2017-02-16,1036.8068647575,324.68
2017-02-17,1058.669920339,324.77
2017-02-18,1060.6688048802,324.97
2017-02-19,1058.7864003507,325.14
2017-02-20,1088.6884292227,325.6
2017-02-21,1128.8552931619,325.82
2017-02-22,1129.7017906487,326.0
2017-02-23,1188.8617855056,326.09
2017-02-24,1185.4888915839,326.11
2017-02-25,1151.604736879,326.21
2017-02-26,1181.7108658679,326.35
2017-02-27,1194.1524501461,326.67
2017-02-28,1188.3999407364,326.86
2017-03-01,1228.4596506137,327.35
2017-03-02,1262.9314673875,327.4
2017-03-03,1289.3631911163,327.29
2017-03-04,1268.9406644068,327.8
2017-03-05,1276.273682934,328.05
2017-03-06,1282.2546566336,328.19
2017-03-07,1234.476462069,328.41
2017-03-08,1152.1393892461,328.29
2017-03-09,1193.4555265926,328.31
2017-03-10,1098.5301490357,328.39
2017-03-11,1176.822921391,328.59
2017-03-12,1231.7483566336,328.84
2017-03-13,1239.3962963179,329.17
2017-03-14,1246.5365648743,329.29
2017-03-15,1258.6513814728,328.93
2017-03-16,1178.0207503799,328.61
2017-03-17,1072.0825381648,329.31
2017-03-18,962.569056166,328.88
2017-03-19,1020.2202535359,328.82
2017-03-20,1037.7563458796,328.82
2017-03-21,1111.8182635885,328.67
2017-03-22,1037.3025701344,328.87
2017-03-23,1028.1728562829,328.92
2017-03-24,935.0634962011,326.52
2017-03-25,968.5433292811,326.32
2017-03-26,962.958054588,326.64
2017-03-27,1042.9191977791,327.35
2017-03-28,1045.1629316189,327.57
2017-03-29,1039.6886157803,328.2
2017-03-30,1037.9876614261,328.23
2017-03-31,1081.7435310929,330.13
2017-04-01,1089.5247718293,330.54
2017-04-02,1105.5629557569,334.42
2017-04-03,1144.6647710111,334.77
2017-04-04,1141.9219187025,335.1
2017-04-05,1135.8116437756,335.21
2017-04-06,1194.5964593805,335.48
2017-04-07,1191.7314510812,336.0
2017-04-08,1184.417720339,336.2
2017-04-09,1213.6341398013,336.44
2017-04-10,1211.6498762127,336.76
2017-04-11,1229.7849329047,336.94
2017-04-12,1216.1143678551,337.41
2017-04-13,1172.5583396844,337.47
2017-04-14,1174.3332335476,337.57
2017-04-15,1175.5621890123,337.82
2017-04-16,1173.6913798948,337.97
2017-04-17,1191.9012014611,337.95
2017-04-18,1202.1314580362,338.24
2017-04-19,1209.5609088837,338.38
2017-04-20,1235.8030745178,338.51
2017-04-21,1247.3360702513,338.76
2017-04-22,1243.5503925774,339.05
2017-04-23,1250.0014832262,339.12
2017-04-24,1257.239442256,339.24
2017-04-25,1279.8647174167,339.45
2017-04-26,1296.4854574518,339.41
2017-04-27,1345.8899556692,339.57
2017-04-28,1347.9851555231,339.6
2017-04-29,1357.7152534191,339.86
2017-04-30,1381.9563722969,340.24
2017-05-01,1436.9414880187,340.83
2017-05-02,1463.8190684687,341.51
2017-05-03,1519.4089444769,341.94
2017-05-04,1539.8300515488,342.33
2017-05-05,1529.8504430158,342.41
2017-05-06,1573.2855096143,342.91
2017-05-07,1526.2677717125,343.42
2017-05-08,1685.0864963179,343.22
2017-05-09,1719.2280135593,343.42
2017-05-10,1782.499,343.9
2017-05-11,1835.4875482174,344.57
2017-05-12,1704.6616410871,345.12
2017-05-13,1779.840256692,345.42
2017-05-14,1794.5935505552,345.81
2017-05-15,1736.8828461134,346.18
2017-05-16,1757.0269485681,346.89
2017-05-17,1808.746064699,347.03
2017-05-18,1894.2472645529,347.14
2017-05-19,1967.5455476914,347.25
2017-05-20,2048.1176779953,347.55
2017-05-21,2045.2224931619,348.2
2017-05-22,2078.9435000292,348.26
2017-05-23,2257.2883638223,348.98
2017-05-24,2415.0072266511,349.07
2017-05-25,2319.6013786675,348.63
2017-05-26,2279.4185836353,348.98
2017-05-27,2044.3004998247,348.87
2017-05-28,2225.7008666277,348.98
2017-05-29,2284.7157974869,349.53
2017-05-30,2167.2644779077,350.42
2017-05-31,2299.4326102572,351.44
2017-06-01,2399.8876319404,354.18
2017-06-02,2479.4238943308,354.47
2017-06-03,2549.5519515196,354.58
2017-06-04,2524.9938335476,354.81
2017-06-05,2685.3189167154,355.7
2017-06-06,2871.3416773524,356.68
2017-06-07,2706.7600088545,356.97
2017-06-08,2802.5635468147,357.26
2017-06-09,2804.8722669199,358.37
2017-06-10,2916.3278597896,358.94
2017-06-11,2974.2145592051,359.97
2017-06-12,2665.4332699591,361.45
2017-06-13,2707.137824021,363.72
2017-06-14,2443.8244513735,364.72
2017-06-15,2409.886764173,365.09
2017-06-16,2476.3590953828,366.07
2017-06-17,2652.7553633548,364.7
2017-06-18,2508.2142074226,363.4
2017-06-19,2589.642213384,365.93
2017-06-20,2733.2265562829,366.53
2017-06-21,2639.2613142022,367.01
2017-06-22,2686.6475143191,367.69
2017-06-23,2685.8704710111,365.95
2017-06-24,2562.1891487434,366.01
2017-06-25,2497.7289413793,366.16
2017-06-26,2426.3650511981,366.67
2017-06-27,2530.3455360023,367.77
2017-06-28,2562.7922642022,367.68
2017-06-29,2540.4430316189,367.8
2017-06-30,2452.7120642899,367.79
2017-07-01,2412.3662131502,369.03
2017-07-02,2518.8721873758,369.22
2017-07-03,2551.9274317358,370.17
2017-07-04,2599.7447499123,369.18
2017-07-05,2608.1048911748,369.63
2017-07-06,2603.1954736996,369.96
2017-07-07,2495.7809222092,371.75
2017-07-08,2553.4941581239,372.49
2017-07-09,2506.1732135593,372.74
2017-07-10,2319.36689737,373.2
2017-07-11,2319.1674406195,373.52
2017-07-12,2374.8862664524,373.99
2017-07-13,2343.7383482466,374.71
2017-07-14,2214.8252372881,374.87
2017-07-15,1989.6331902396,375.43
2017-07-16,1910.7495416131,375.95
2017-07-17,2215.7462961426,376.99
2017-07-18,2303.7611458796,378.46
2017-07-19,2257.0652358855,378.87
2017-07-20,2823.8979263589,379.33
2017-07-21,2666.1397182934,379.61
2017-07-22,2829.7540549679,379.31
2017-07-23,2753.2438649328,379.98
2017-07-24,2755.1595242256,380.57
2017-07-25,2558.692998948,379.11
2017-07-26,2522.3246462887,379.06
2017-07-27,2665.1475464933,378.7
2017-07-28,2793.8334848627,376.12
2017-07-29,2706.4507654588,374.69
2017-07-30,2749.3845277031,374.3
2017-07-31,2862.6112908825,370.85
2017-08-01,2727.3891819988,370.92
2017-08-02,2690.1456719755,377.87
2017-08-03,2789.7463124489,378.5
2017-08-04,2860.2728432496,379.82
2017-08-05,3237.4233632963,378.91
2017-08-06,3230.1167089421,379.11
2017-08-07,3392.5624186441,374.98
2017-08-08,3425.6766165985,377.27
2017-08-09,3347.2154316189,375.93
2017-08-10,3437.0321554646,381.29
2017-08-11,3660.5205372881,382.06
2017-08-12,3871.0824061952,380.41
2017-08-13,4063.8010527177,382.65
2017-08-14,4304.6039312098,382.85
2017-08-15,4160.0305458796,384.57
2017-08-16,4364.6785746347,381.65
2017-08-17,4308.5168614261,382.33
2017-08-18,4108.5071621859,382.47
2017-08-19,4160.3324568673,382.96
2017-08-20,4085.8103943308,383.26
2017-08-21,3992.6260352426,384.01
2017-08-22,4074.3304612507,384.73
2017-08-23,4146.9153452367,386.24
2017-08-24,4325.8164279953,388.27
2017-08-25,4353.1317725599,389.06
2017-08-26,4341.9787167738,389.87
2017-08-27,4344.9034447691,393.08
2017-08-28,4379.7639206897,393.44
2017-08-29,4600.456830976,393.63
2017-08-30,4586.6327367037,392.22
2017-08-31,4740.3562177089,389.6
2017-09-01,4918.166244886,390.45
2017-09-02,4595.0200178258,390.94
2017-09-03,4625.296314436,392.49
2017-09-04,4374.7534964933,394.04
2017-09-05,4454.0525376973,395.09
2017-09-06,4607.5165298071,397.17
2017-09-07,4635.1118758036,399.01
2017-09-08,4345.4576563413,399.6
2017-09-09,4335.593449737,400.2
2017-09-10,4261.8435210403,403.2
2017-09-11,4212.5475733489,403.87
2017-09-12,4164.319434249,404.39
2017-09-13,3887.1185867914,406.37
2017-09-14,3247.4687390415,407.43
2017-09-15,3699.2229438925,410.24
2017-09-16,3711.2343506721,410.17
2017-09-17,3711.8562039743,410.98
2017-09-18,4080.4284430158,411.29
2017-09-19,3925.7361902396,411.29
2017-09-20,3895.777078609,410.57
2017-09-21,3617.2434658095,410.96
2017-09-22,3619.2137182934,411.58
2017-09-23,3775.600594097,412.49
2017-09-24,3676.8969441847,413.05
2017-09-25,3918.7380713033,415.18
2017-09-26,3890.090936879,417.41
2017-09-27,4207.7874853887,418.76
2017-09-28,4187.7697963179,419.2
2017-09-29,4155.010119813,419.62
2017-09-30,4334.5446125073,419.78
2017-10-01,4382.0868980129,424.04
2017-10-02,4386.8757150789,426.11
2017-10-03,4306.5646420222,426.85
2017-10-04,4216.6848214494,428.56
2017-10-05,4319.4209158387,429.14
2017-10-06,4365.9157104033,432.72
2017-10-07,4438.8559330801,431.94
2017-10-08,4600.7397966102,438.19
2017-10-09,4777.5346569258,441.92
2017-10-10,4741.077914962,444.15
2017-10-11,4814.9671180596,446.79
2017-10-12,5393.6689827586,447.75
2017-10-13,5614.0775146113,448.17
2017-10-14,5785.7383150205,448.88
2017-10-15,5689.8650596143,449.84
2017-10-16,5756.148811806,451.1
2017-10-17,5590.4163243717,452.76
2017-10-18,5583.8704257744,448.51
2017-10-19,5708.312990941,450.74
2017-10-20,6000.8831303331,452.24
2017-10-21,6030.2078927528,453.56
2017-10-22,5996.5981388077,454.25
2017-10-23,5888.2500166569,459.52
2017-10-24,5517.7753533022,461.06
2017-10-25,5736.017801578,463.23
2017-10-26,5900.3177291058,465.73
2017-10-27,5771.9450461718,467.5
2017-10-28,5762.3885768556,469.05
2017-10-29,6174.7288448276,471.87
2017-10-30,6119.256383986,475.26
2017-10-31,6428.5146370544,481.02
2017-11-01,6726.4118345997,486.91
2017-11-02,7043.7779389246,490.53
2017-11-03,7198.6321107539,492.81
2017-11-04,7420.498078609,493.37
2017-11-05,7371.1390298071,495.37
2017-11-06,6985.2638439509,497.18
2017-11-07,7118.202543834,498.45
2017-11-08,7451.2127866745,500.35
2017-11-09,7117.7380496786,498.38
2017-11-10,6620.567336353,502.96
2017-11-11,6346.7214491525,505.64
2017-11-12,5829.0978275862,510.1
2017-11-13,6519.4451721216,508.42
2017-11-14,6592.3743971362,513.33
2017-11-15,7257.3732121566,516.16
2017-11-16,7833.7044333723,526.15
2017-11-17,7729.0332700175,528.24
2017-11-18,7796.1542410871,534.74
2017-11-19,8018.3206884863,540.14
2017-11-20,8269.8742574518,548.69
2017-11-21,8091.9980835769,552.07
2017-11-22,8249.5973302163,552.59
2017-11-23,8071.6698214495,552.97
2017-11-24,8232.4223331385,553.08
2017-11-25,8760.1654421391,557.54
2017-11-26,9319.9033147282,561.03
2017-11-27,9730.7285794857,563.18
2017-11-28,9932.1941800117,564.4
2017-11-29,9800.0275517241,569.52
2017-11-30,9996.7149719462,570.44
2017-12-01,10808.9583325541,572.5
2017-12-02,10934.8599856809,580.65
2017-12-03,11213.9426554646,584.25
2017-12-04,11562.1285669199,586.14
2017-12-05,11736.7540672122,590.61
2017-12-06,13992.1323372297,589.38
2017-12-07,17032.2933763881,610.77
2017-12-08,16298.4873386908,613.55
2017-12-09,15050.0219541204,619.78
2017-12-10,15474.9995432496,631.22
2017-12-11,16873.4977849211,638.31
2017-12-12,17433.9307381648,644.81
2017-12-13,16515.15257218,652.42
2017-12-14,16602.8928033314,639.96
2017-12-15,17702.0021721216,645.69
2017-12-16,19640.5138834015,652.78
2017-12-17,19250.467650789,656.32
2017-12-18,18982.0250242548,663.4
2017-12-19,17653.3260894214,671.16
2017-12-20,16453.6272603741,679.13
2017-12-21,15633.8336504968,683.0
2017-12-22,14305.7183436587,695.39
2017-12-23,14910.8581049094,696.91
2017-12-24,14026.3468661601,697.96
2017-12-25,14080.9422600818,701.34
2017-12-26,15727.1454792519,702.13
2017-12-27,15389.0005739334,697.82
2017-12-28,14289.4522095266,700.73
2017-12-29,14571.7460821157,688.02
2017-12-30,12948.7158828171,689.07
2017-12-31,13921.4806414378,698.4
2018-01-01,13464.6536116306,701.43
2018-01-02,14754.322204851,704.7
2018-01-03,15010.2861595558,707.75
2018-01-04,15070.3007986558,714.3
2018-01-05,16997.2274079486,721.61
2018-01-06,17103.589279661,727.75
2018-01-07,16231.6949994155,726.54
2018-01-08,14937.4150894214,729.58
2018-01-09,14378.5862174167,747.43
2018-01-10,14669.0882656341,757.2
2018-01-11,13186.7549427236,760.22
2018-01-12,13789.4436639392,771.98
2018-01-13,14231.2250645821,782.89
2018-01-14,13681.0654611338,786.97
2018-01-15,13591.6961966686,804.02
2018-01-16,11431.0401052016,816.69
2018-01-17,11159.6085905903,817.33
2018-01-18,11246.0397302747,819.7
2018-01-19,11440.2555616598,819.32
2018-01-20,12768.4045856224,822.11
2018-01-21,11422.3942589129,843.85
2018-01-22,10737.3505774401,850.02
2018-01-23,10849.3918793103,855.4
2018-01-24,11225.8961747516,879.36
2018-01-25,11130.4649473992,881.98
2018-01-26,11035.5546098773,900.53
2018-01-27,11320.9701852718,905.13
2018-01-28,11615.95871128,907.43
2018-01-29,11132.5543138515,915.52
2018-01-30,9959.5467153711,923.75
2018-01-31,10050.0957971946,928.75
2018-02-01,9039.8650751023,930.88
2018-02-02,8786.0773798948,936.63
2018-02-03,9132.1003223261,950.64
2018-02-04,8250.5268959673,961.4
2018-02-05,6849.542559322,970.98
2018-02-06,7738.6439596727,981.38
2018-02-07,7624.5953895383,995.9
2018-02-08,8218.580851841,1004.03
2018-02-09,8660.4534678551,1012.18
2018-02-10,8530.2928047925,1022.02
2018-02-11,8096.7284812975,1039.85
2018-02-12,8907.670179135,1049.36
2018-02-13,8523.9669319112,1056.42
2018-02-14,9467.3010327294,1060.4
2018-02-15,10106.7330835769,1063.14
2018-02-16,10189.3164833431,1069.17
2018-02-17,11085.5984143776,1076.78
2018-02-18,10452.0919772063,1086.5
2018-02-19,11139.3557305669,1095.63
2018-02-20,11245.9323179427,1104.12
2018-02-21,10458.8650888369,1114.69
2018-02-22,9878.1589427236,1121.93
2018-02-23,10159.0656125073,1130.47
2018-02-24,9686.6017799533,1143.77
2018-02-25,9603.2274774985,1143.74
2018-02-26,10312.3657130333,1143.91
2018-02-27,10654.1072948568,1143.67
2018-02-28,10307.0249663939,1145.64
2018-03-01,10923.6308617767,1141.58
2018-03-02,11014.0584672706,1145.98
2018-03-03,11425.6805654588,1146.7
2018-03-04,11462.5831975453,1159.99
2018-03-05,11540.6623205728,1167.37
2018-03-06,10677.0352308591,1173.84
2018-03-07,9903.0850490941,1177.34
2018-03-08,9330.4754529515,1176.93
2018-03-09,9278.1391843951,1183.66
2018-03-10,8786.5604231444,1185.27
2018-03-11,9513.5353997662,1183.22
2018-03-12,9147.8901805962,1184.93
2018-03-13,9160.5429327878,1180.39
2018-03-14,8222.1272390415,1180.14
2018-03-15,8268.589122443,1181.62
2018-03-16,8376.9044982466,1181.28
2018-03-17,7881.6619205143,1185.12
2018-03-18,8189.0167191701,1304.06
2018-03-19,8537.0156233197,1311.65
2018-03-20,8895.547179135,1315.54
2018-03-21,8879.5942565751,1322.05
2018-03-22,8710.6649351257,1334.78
2018-03-23,8771.746323495,1344.39
2018-03-24,8610.9885163647,1354.29
2018-03-25,8440.6109225599,1366.24
2018-03-26,8171.1843544711,1377.5
2018-03-27,7837.2653194039,1391.44
2018-03-28,7933.6427296902,1433.28
2018-03-29,7108.5708132671,1439.75
2018-03-30,6832.1490663355,1447.09
2018-03-31,6922.2812969024,1459.66
2018-04-01,6804.5248793104,1476.37
2018-04-02,7033.259609585,1508.16
2018-04-03,7420.800515488,1515.02
2018-04-04,6780.5436014027,1523.52
2018-04-05,6798.4226165985,1533.09
2018-04-06,6610.4923497954,1538.61
2018-04-07,6886.4694719462,1540.02
2018-04-08,7009.996104325,1547.24
2018-04-09,6736.8928237873,1553.23
2018-04-10,6816.7186154296,1565.3
2018-04-11,6944.7858571011,1597.06
2018-04-12,7904.3302752776,1608.13
2018-04-13,7919.064694623,1619.64
2018-04-14,8006.417943308,1641.08
2018-04-15,8342.2711014027,1660.57
2018-04-16,8046.9821335476,1679.8
2018-04-17,7887.7379579194,1697.12
2018-04-18,8162.8348617767,1711.2
2018-04-19,8272.9673158971,1733.72
2018-04-20,8839.5011320865,1745.86
2018-04-21,8863.5408290473,1779.03
2018-04-22,8800.9590870836,1803.09
2018-04-23,8930.7846335476,1826.7
2018-04-24,9652.2137887201,1855.8
2018-04-25,8855.5089365868,1882.41
2018-04-26,9264.7274269433,1913.55
2018-04-27,8981.3307901812,1945.95
2018-04-28,9341.8246846873,1966.61
2018-04-29,9396.9976297487,1988.71
2018-04-30,9228.7264836353,2019.24
2018-05-01,9072.1687574518,2033.73
2018-05-02,9204.1276405611,2045.86
2018-05-03,9750.7001464056,2071.05
2018-05-04,9696.6429099942,2085.73
2018-05-05,9795.9257720631,2098.07
2018-05-06,9595.0868194039,2105.51
2018-05-07,9339.5108471654,2128.04
2018-05-08,9212.3696347165,2177.4
2018-05-09,9293.0422735243,2181.87
2018-05-10,9037.530509059,2192.01
2018-05-11,8419.7585873758,2207.54
2018-05-12,8485.775266803,2219.73
2018-05-13,8695.8330938048,2238.53
2018-05-14,8671.0741747516,2258.77
2018-05-15,8488.463421391,2290.12
2018-05-16,8327.7562013442,2365.84
2018-05-17,8050.5162393337,2410.96
2018-05-18,8233.0864552893,2437.34
2018-05-19,8229.4829357101,2481.62
2018-05-20,8511.4488302163,2504.89
2018-05-21,8398.6231265342,2570.64
2018-05-22,8007.526532145,2606.42
2018-05-23,7520.867679135,2641.23
2018-05-24,7575.6244859731,2668.01
2018-05-25,7425.3756744594,2735.2
2018-05-26,7326.3031864407,2841.47
2018-05-27,7338.1930444185,2856.47
2018-05-28,7110.8238816482,2873.67
2018-05-29,7453.6337250146,2903.35
2018-05-30,7374.6690490941,2922.68
2018-05-31,7478.7418670368,2941.49
2018-06-01,7519.8357372881,2956.61
2018-06-02,7637.4482530684,2975.43
2018-06-03,7702.1579330801,2985.94
2018-06-04,7486.6531995909,3006.27
2018-06-05,7611.1498527177,3037.9
2018-06-06,7650.7758071303,3086.85
2018-06-07,7665.9478962595,3140.61
2018-06-08,7622.6023302163,3213.0
2018-06-09,7556.1716978375,3233.6
2018-06-10,6744.7358009936,3253.97
2018-06-11,6849.4526873174,3297.85
2018-06-12,6526.6996800117,3309.07
2018-06-13,6306.5131680304,3331.29
2018-06-14,6629.7701241964,3350.35
2018-06-15,6399.6740464641,3375.63
2018-06-16,6495.3153091759,3480.78
2018-06-17,6450.6939728229,3495.24
2018-06-18,6703.8125897136,3515.23
2018-06-19,6732.5088091759,3527.64
2018-06-20,6753.2068258329,3542.78
2018-06-21,6720.3732343659,3578.66
2018-06-22,6059.5758591467,3588.71
2018-06-23,6174.2257793688,3599.04
2018-06-24,6146.4871949153,3611.99
2018-06-25,6243.5354409702,3623.09
2018-06-26,6096.1287662186,3642.88
2018-06-27,6139.1896832262,3583.76
2018-06-28,5858.6357781999,3590.06
2018-06-29,6220.9137150789,3673.72
2018-06-30,6375.5412314436,3687.51
2018-07-01,6361.4025388662,3703.35
2018-07-02,6608.367157218,3717.63
2018-07-03,6498.3078591467,3732.91
2018-07-04,6579.3333763881,3744.99
2018-07-05,6535.2984026885,3779.69
2018-07-06,6598.4590958504,3793.69
2018-07-07,6737.8560803624,3807.23
2018-07-08,6704.9199801286,3825.26
2018-07-09,6664.0240935126,3837.38
2018-07-10,6309.0840040912,3847.88
2018-07-11,6377.9765113968,3859.71
2018-07-12,6159.4666762127,3864.8
2018-07-13,6208.9855718878,3875.71
2018-07-14,6255.1124786674,3894.99
2018-07-15,6347.6042738165,3907.95
2018-07-16,6710.8074374635,3926.35
2018-07-17,7320.5948278784,3932.32
2018-07-18,7376.0383392753,3944.09
2018-07-19,7467.0342980713,3952.33
2018-07-20,7327.256682934,3959.14
2018-07-21,7410.5656203974,3969.9
2018-07-22,7399.4837469316,3982.6
2018-07-23,7716.1586274109,3991.74
2018-07-24,8397.6165216248,3995.43
2018-07-25,8202.7203953828,4006.03
2018-07-26,7913.9307781999,4008.63
2018-07-27,8173.7746113384,4003.26
2018-07-28,8190.360056692,4012.36
2018-07-29,8229.6058386908,4010.3
2018-07-30,8171.839519287,4017.14
2018-07-31,7725.1330359439,4011.67
2018-08-01,7596.6980119813,4055.13
2018-08-02,7542.6946618936,4080.51
2018-08-03,7411.3442501461,4078.15
2018-08-04,7002.2086528346,4079.94
2018-08-05,7031.5877510228,4082.69
2018-08-06,6929.9908942139,4079.51
2018-08-07,6722.5784327878,4083.42
2018-08-08,6267.3886735827,4086.42
2018-08-09,6558.0969079486,4091.75
2018-08-10,6135.7518585622,4099.12
2018-08-11,6313.749311806,4099.25
2018-08-12,6314.6916557569,4132.15
2018-08-13,6265.848043834,4134.09
2018-08-14,6184.8290856224,4126.15
2018-08-15,6270.2147986558,4128.68
2018-08-16,6290.7504552893,4148.45
2018-08-17,6563.0782887201,4151.09
2018-08-18,6399.2874468147,4157.72
2018-08-19,6490.7161271187,4166.03
2018-08-20,6272.9527288136,4173.17
2018-08-21,6473.0760394506,4181.72
2018-08-22,6365.0098316774,4266.28
2018-08-23,6516.4090254237,4288.86
2018-08-24,6697.7318787259,4290.43
2018-08-25,6745.4389392168,4296.69
2018-08-26,6689.8693331385,4303.45
2018-08-27,6839.158952367,4310.57
2018-08-28,7092.9738082992,4309.21
2018-08-29,7033.4280680888,4318.63
2018-08-30,6966.9637437171,4316.8
2018-08-31,7025.1407802455,4319.4
2018-09-01,7192.3525473407,4321.16
2018-09-02,7286.6677910579,4323.2
2018-09-03,7257.47021391,4337.14
2018-09-04,7358.8114789597,4341.14
2018-09-05,6790.8973284629,4342.2
2018-09-06,6488.075936879,4346.88
2018-09-07,6408.653622443,4346.38
2018-09-08,6187.7905023378,4348.17
2018-09-09,6249.2463103448,4351.3
2018-09-10,6295.3886025716,4356.24
2018-09-11,6278.4246396844,4354.64
2018-09-12,6327.5363632379,4355.1
2018-09-13,6490.9123164816,4346.01
2018-09-14,6494.6954789597,4344.93
2018-09-15,6524.1656674459,4346.18
2018-09-16,6497.4047013442,4345.36
2018-09-17,6258.5948749269,4345.71
2018-09-18,6340.3477901812,4346.99
2018-09-19,6383.9518758036,4346.89
2018-09-20,6498.6071110462,4347.04
2018-09-21,6741.1428988895,4337.02
2018-09-22,6705.4760511397,4336.12
2018-09-23,6703.1368495032,4337.62
2018-09-24,6576.5450032145,4339.18
2018-09-25,6416.4440216248,4330.35
2018-09-26,6463.2504035652,4332.77
2018-09-27,6677.9004886032,4342.39
2018-09-28,6623.126159848,4346.44
2018-09-29,6584.4991475745,4349.51
2018-09-30,6604.485028346,4353.01
2018-10-01,6561.8138322618,4359.42
2018-10-02,6508.7209386324,4360.97
2018-10-03,6464.4568436587,4368.86
2018-10-04,6545.2856677382,4369.69
2018-10-05,6585.1495797779,4376.46
2018-10-06,6550.4783158971,4377.59
2018-10-07,6564.5682600818,4431.02
2018-10-08,6604.6852741087,4431.36
2018-10-09,6590.4286221508,4440.8
2018-10-10,6529.1024360023,4439.63
2018-10-11,6159.2516426067,4422.25
2018-10-12,6191.6772232613,4423.62
2018-10-13,6197.6856963764,4426.76
2018-10-14,6182.8793442431,4428.11
2018-10-15,6442.7154140853,4429.38
2018-10-16,6461.9371592636,4427.71
2018-10-17,6442.7307001753,4426.73
2018-10-18,6396.4798120982,4425.78
2018-10-19,6383.077840152,4425.17
2018-10-20,6408.2527463472,4389.0
2018-10-21,6415.3405029223,4403.64
2018-10-22,6408.0336355932,4406.25
2018-10-23,6395.9876668615,4407.05
2018-10-24,6413.8036411455,4380.63
2018-10-25,6402.3248591467,4431.9
2018-10-26,6404.1085523086,4421.91
2018-10-27,6409.4053275862,4421.14
2018-10-28,6406.6332530684,4421.67
2018-10-29,6263.0417346581,4422.18
2018-10-30,6272.1677282291,4425.32
2018-10-31,6306.3169313267,4425.31
2018-11-01,6342.9775005845,4421.55
2018-11-02,6348.1685827002,4421.71
2018-11-03,6332.4341329632,4422.95
2018-11-04,6420.4220002922,4423.48
2018-11-05,6402.9468389831,4426.36
2018-11-06,6441.1452188779,4431.05
2018-11-07,6500.8698050848,4440.45
2018-11-08,6406.7529374635,4443.39
2018-11-09,6331.3787670953,4444.65
2018-11-10,6353.1127340736,4445.4
2018-11-11,6335.4142039743,4446.93
2018-11-12,6320.6560537697,4451.15
2018-11-13,6267.9379912332,4450.84
2018-11-14,5574.2583489188,4452.21
2018-11-15,5538.5606078317,4405.57
2018-11-16,5496.0162311514,4402.59
2018-11-17,5501.0923404442,4404.33
2018-11-18,5555.3763383986,4405.68
2018-11-19,4792.2000236704,4399.95
2018-11-20,4317.530670076,4389.95
2018-11-21,4549.3220099357,4387.58
2018-11-22,4303.6155485096,4383.72
2018-11-23,4289.8928533022,4379.81
2018-11-24,3806.3169248977,4378.34
2018-11-25,3946.8508743425,4376.89
2018-11-26,3700.2859926943,4374.53
2018-11-27,3776.5559053185,4367.43
2018-11-28,4208.4752691409,4369.87
2018-11-29,4239.0394883109,4377.57
2018-11-30,3973.3340523086,4374.79
2018-12-01,4148.0737255991,4388.3
2018-12-02,4098.7467638808,4387.71
2018-12-03,3843.9766659848,4413.02
2018-12-04,3892.9516469901,4482.37
2018-12-05,3709.52085827,4426.21
2018-12-06,3511.9689815897,4403.2
2018-12-07,3372.9956925774,4400.38
2018-12-08,3407.951194623,4414.8
2018-12-09,3540.439575979,4416.63
2018-12-10,3413.5925841613,4413.6
2018-12-11,3352.5642001753,4399.24
2018-12-12,3423.0129178843,4397.72
2018-12-13,3260.341582408,4402.72
2018-12-14,3198.9474736996,4398.52
2018-12-15,3185.074043834,4398.16
2018-12-16,3195.4145552309,4399.9
2018-12-17,3499.1564818819,4399.58
2018-12-18,3659.5273793104,4398.36
2018-12-19,3697.7253033314,4398.13
2018-12-20,4067.7377077732,4395.52
2018-12-21,3839.0851084161,4390.85
2018-12-22,3964.9461163063,4390.3
2018-12-23,3942.6669959088,4388.26
2018-12-24,4040.0457895967,4387.05
2018-12-25,3761.5840108124,4386.46
2018-12-26,3807.6574535359,4387.96
2018-12-27,3585.4605359439,4387.94
2018-12-28,3881.0548848627,4384.3
2018-12-29,3823.1383261251,4376.98
2018-12-30,3825.4074628872,4376.92
2018-12-31,3687.1999400935,4375.24
2019-01-01,3808.1178316774,4375.56
2019-01-02,3898.1974880187,4376.43
2019-01-03,3784.3886347165,4375.84
2019-01-04,3827.5245943893,4377.08
2019-01-05,3798.6139549971,4391.97
2019-01-06,4045.9937749854,4392.36
2019-01-07,4001.0182781999,4393.46
2019-01-08,3992.6227893045,4391.41
2019-01-09,4004.2590356517,4392.11
2019-01-10,3627.9034500292,4377.11
2019-01-11,3624.1614210988,4348.49
2019-01-12,3617.0220783168,4348.87
2019-01-13,3508.6701081239,4349.86
2019-01-14,3666.9451937464,4353.79
2019-01-15,3581.293015488,4374.77
2019-01-16,3606.9865756867,4381.35
2019-01-17,3640.1291306254,4380.97
2019-01-18,3609.4267361192,4382.18
2019-01-19,3687.3019611338,4380.53
2019-01-20,3538.313722969,4381.85
2019-01-21,3535.623393045,4385.6
2019-01-22,3577.3083497954,4377.56
2019-01-23,3551.8938211572,4377.87
2019-01-24,3567.5889336645,4380.66
2019-01-25,3561.3504979544,4379.04
2019-01-26,3557.0399152542,4378.83
2019-01-27,3537.6141306254,4379.27
2019-01-28,3435.0525140269,4379.38
2019-01-29,3395.8237632963,4379.83
2019-01-30,3437.8958661601,4380.62
2019-01-31,3410.131616014,4380.33
2019-02-01,3445.0498912916,4383.32
2019-02-02,3461.9351174752,4383.77
2019-02-03,3413.0216163063,4386.58
2019-02-04,3411.3879617183,4387.6
2019-02-05,3426.4650113968,4390.74
2019-02-06,3367.5063649912,4391.72
2019-02-07,3358.8735990649,4391.16
2019-02-08,3612.4796192285,4389.24
2019-02-09,3621.2681209819,4390.04
2019-02-10,3642.0223591467,4391.26
2019-02-11,3590.6184836353,4391.9
2019-02-12,3587.9024658095,4391.26
2019-02-13,3576.0853725891,4385.43
2019-02-14,3561.9163834015,4387.33
2019-02-15,3565.0069237288,4387.17
2019-02-16,3584.73600263,4385.47
2019-02-17,3622.7574289889,4385.48
2019-02-18,3866.1292171245,4386.06
2019-02-19,3895.4352109877,4384.8
2019-02-20,3931.6138290473,4397.84
2019-02-21,3892.2617942724,4395.21
2019-02-22,3948.3005105202,4395.44
2019-02-23,4110.1511212741,4391.75
2019-02-24,3754.183789889,4392.08
2019-02-25,3822.0186966686,4390.49
2019-02-26,3796.1750683811,4392.11
2019-02-27,3799.3819924021,4393.2
2019-02-28,3792.947722969,4396.4
2019-03-01,3810.6326925774,4397.67
2019-03-02,3809.6433909994,4396.05
2019-03-03,3782.3818702513,4396.74
2019-03-04,3698.1618550555,4397.9
2019-03-05,3840.1280490941,4398.53
2019-03-06,3851.9984254822,4398.57
2019-03-07,3855.9231683226,4399.13
2019-03-08,3839.233552893,4398.83
2019-03-09,3910.3611665693,4401.16
2019-03-10,3903.9119509059,4403.19
2019-03-11,3851.5689216832,4403.46
2019-03-12,3858.9148237873,4401.78
2019-03-13,3851.9574663939,4402.56
2019-03-14,3853.7832650497,4401.69
2019-03-15,3901.9142068966,4401.25
2019-03-16,3989.7960768556,4400.52
2019-03-17,3967.1434944477,4401.67
2019-03-18,3969.4401458212,4401.54
2019-03-19,3996.1679035652,4403.65
2019-03-20,4030.6552758621,4403.11
2019-03-21,3976.2738500877,4402.46
2019-03-22,3983.8876458212,4401.55
2019-03-23,3981.7760330216,4401.14
2019-03-24,3970.6669880187,4401.42
2019-03-25,3908.2388386908,4401.37
2019-03-26,3917.763402104,4401.76
2019-03-27,4027.0079178843,4402.21
2019-03-28,4010.9374620105,4402.26
2019-03-29,4089.4610400351,4404.82
2019-03-30,4091.8910383402,4404.23
2019-03-31,4094.3178147282,4403.43
2019-04-01,4138.4178077148,4404.76
2019-04-02,4903.719462069,4402.4
2019-04-03,4960.2276027469,4401.54
2019-04-04,4911.2697024547,4405.44
2019-04-05,5033.2254836938,4398.24
2019-04-06,5044.3568459381,4396.61
2019-04-07,5189.1119555815,4393.28
2019-04-08,5283.4230248393,4390.44
2019-04-09,5195.5779088253,4394.02
2019-04-10,5311.7416032729,4393.49
2019-04-11,5050.6660085915,4392.62
2019-04-12,5082.8614320281,4393.03
2019-04-13,5074.7906925774,4392.74
2019-04-14,5156.8040406195,4383.3
2019-04-15,5042.897738457,4380.68
2019-04-16,5205.9629574518,4379.03
2019-04-17,5226.3522151958,4377.42
2019-04-18,5278.5023395675,4378.31
2019-04-19,5289.9512191116,4374.55
2019-04-20,5313.9732621274,4373.51
2019-04-21,5295.7338281707,4370.48
2019-04-22,5383.7999753361,4369.91
2019-04-23,5544.8627118644,4370.29
2019-04-24,5431.9479196376,4356.63
2019-04-25,5127.6731673875,4356.42
2019-04-26,5150.1646606663,4350.3
2019-04-27,5181.807763647,4350.99
2019-04-28,5148.6696154296,4351.58
2019-04-29,5148.8004932788,4347.39
2019-04-30,5266.6182025132,4347.71
2019-05-01,5315.1753290473,4324.51
2019-05-02,5393.1293763881,4321.96
2019-05-03,5658.4303883694,4320.84
2019-05-04,5774.7124286967,4320.94
2019-05-05,5728.3517022209,4321.18
2019-05-06,5691.6883740503,4319.34
2019-05-07,5825.744893045,4315.51
2019-05-08,5931.8005949737,4314.41
2019-05-09,6150.1404447691,4306.34
2019-05-10,6357.463493571,4295.12
2019-05-11,7325.0828603156,4291.91
2019-05-12,6942.6231745178,4286.53
2019-05-13,7798.9057360023,4276.91
2019-05-14,7955.5576823495,4263.51
2019-05-15,8215.2068383986,4254.64
2019-05-16,7862.0716023378,4251.3
2019-05-17,7326.9206818819,4248.6
2019-05-18,7277.9875634132,4247.38
2019-05-19,8219.7427869667,4244.81
2019-05-20,7981.1393789597,4237.8
2019-05-21,7983.8084773817,4230.62
2019-05-22,7667.9021148451,4222.54
2019-05-23,7897.4712936879,4221.13
2019-05-24,7987.1003676213,4216.17
2019-05-25,8061.5917607247,4215.49
2019-05-26,8731.5249558738,4213.44
2019-05-27,8816.7867083577,4210.21
2019-05-28,8719.1258483343,4207.33
2019-05-29,8655.4885061368,4204.35
2019-05-30,8271.6219631794,4202.72
2019-05-31,8556.222185564,4200.37
2019-06-01,8554.8073296318,4202.15
2019-06-02,8744.3537454705,4200.65
2019-06-03,8173.4012705435,4205.88
2019-06-04,7649.9393319696,4171.76
2019-06-05,7798.5444663939,4146.12
2019-06-06,7776.7133261251,4143.79
2019-06-07,8023.950093045,4143.45
2019-06-08,7939.8051548802,4143.11
2019-06-09,7634.0657507306,4143.41
2019-06-10,7993.3025385739,4142.08
2019-06-11,7922.4836271186,4140.19
2019-06-12,8146.7561250731,4142.18
2019-06-13,8232.7773413793,4141.1
2019-06-14,8698.0048150205,4141.87
2019-06-15,8850.584816014,4140.78
2019-06-16,9019.5170067212,4139.22
2019-06-17,9340.5721887785,4134.04
2019-06-18,9047.1327444769,4132.41
2019-06-19,9285.0556765634,4126.43
2019-06-20,9546.7197781999,4124.84
2019-06-21,10083.4863136762,4122.38
2019-06-22,10685.2952327878,4116.28
2019-06-23,10794.4276963764,4113.35
2019-06-24,11004.2069094681,4108.91
2019-06-25,11726.2638308007,4102.99
2019-06-26,12863.4606849795,4097.68
2019-06-27,11109.7978418469,4091.84
2019-06-28,12358.2079582116,4087.58
2019-06-29,11944.3515473407,4086.44
2019-06-30,10842.6167109877,4089.52
2019-07-01,10569.5517282291,4085.24
2019-07-02,10766.0833162186,4087.66
2019-07-03,11952.0248935126,4084.12
2019-07-04,11177.0103787551,4079.17
2019-07-05,10998.3991004676,4071.55
2019-07-06,11208.225600526,4070.64
2019-07-07,11456.1836039158,4071.54
2019-07-08,12319.6228758036,4070.79
2019-07-09,12579.107616014,4066.1
2019-07-10,12106.7829313267,4065.35
2019-07-11,11294.678028346,4055.63
2019-07-12,11813.3237158971,4058.36
2019-07-13,11346.837148159,4056.72
2019-07-14,10283.0757891292,4055.39
2019-07-15,10926.3802741087,4056.95
2019-07-16,9471.1408647575,4056.3
2019-07-17,9674.8824611338,4053.56
2019-07-18,10679.8906896552,4054.13
2019-07-19,10532.2027291058,4061.35
2019-07-20,10862.6485479252,4062.86
2019-07-21,10589.7064907656,4062.09
2019-07-22,10318.5609251899,4061.25
2019-07-23,9866.6489403857,4058.82
2019-07-24,9792.7875365284,4070.1
2019-07-25,9897.1867860316,4070.62
2019-07-26,9836.6967881356,4069.23
2019-07-27,9446.6720520748,4068.99
2019-07-28,9529.7887919345,4068.55
2019-07-29,9504.1589159556,4096.59
2019-07-30,9589.1092060199,4095.15
2019-07-31,10059.0040189947,4094.33
2019-08-01,10400.3070143776,4094.07
2019-08-02,10529.6944544126,4093.86
2019-08-03,10810.4216686148,4093.78
2019-08-04,10986.5089291058,4090.31
2019-08-05,11790.0239375804,4073.19
2019-08-06,11423.4970017534,4063.02
2019-08-07,11967.2735473407,4058.46
2019-08-08,11938.2346108708,4057.5
2019-08-09,11858.3410984804,4056.9
2019-08-10,11303.7305618936,4057.1
2019-08-11,11530.195242256,4056.59
2019-08-12,11384.6962465809,4056.45
2019-08-13,10867.05475827,4055.49
2019-08-14,10024.3795917008,4055.3
2019-08-15,10310.0858696669,4055.8
2019-08-16,10373.3219028054,4056.31
2019-08-17,10207.1555616598,4056.93
2019-08-18,10331.3099760374,4057.41
2019-08-19,10884.6297744009,4056.42
2019-08-20,10771.3923793688,4056.36
2019-08-21,10096.8302238457,4055.35
2019-08-22,10119.7145248393,4056.33
2019-08-23,10414.1441725891,4056.9
2019-08-24,10147.0871548802,4057.07
2019-08-25,10100.3567783752,4056.99
2019-08-26,10362.6434723553,4056.74
2019-08-27,10168.221571654,4055.07
2019-08-28,9724.799978083,4055.57
2019-08-29,9482.3117349503,4056.58
2019-08-30,9577.678823495,4056.92
2019-08-31,9605.0244614261,4057.56
2019-09-01,9762.9365568966,4058.0
2019-09-02,10377.3383845704,4058.26
2019-09-03,10618.7815058445,4058.31
2019-09-04,10577.2410839275,4058.1
2019-09-05,10580.1846995909,4056.44
2019-09-06,10330.8497312098,4070.79
2019-09-07,10494.5069649328,4070.92
2019-09-08,10407.2656573933,4070.54
2019-09-09,10332.4644424313,4071.54
2019-09-10,10085.9519243133,4073.12
2019-09-11,10142.1480603741,4071.17
2019-09-12,10403.3599707773,4072.44
2019-09-13,10345.3387469316,4074.18
2019-09-14,10363.4528963179,4075.07
2019-09-15,10306.1696674459,4076.8
2019-09-16,10257.822761543,4078.25
2019-09-17,10195.6111811806,4077.75
2019-09-18,10161.3188664524,4081.13
2019-09-19,10268.3926291642,4082.64
2019-09-20,10170.1251161309,4083.46
2019-09-21,9986.4061081239,4087.94
2019-09-22,10047.0134748685,4090.4
2019-09-23,9692.7410479252,4091.26
2019-09-24,8613.6712485097,4092.13
2019-09-25,8424.1576464056,4093.36
2019-09-26,8091.6952992402,4095.98
2019-09-27,8186.7796392753,4098.17
2019-09-28,8201.9790134424,4099.94
2019-09-29,8064.5080623612,4100.69
2019-09-30,8282.3654541204,4101.46
2019-10-01,8314.5513901227,4108.91
2019-10-02,8362.5307323203,4110.75
2019-10-03,8254.3399102864,4113.1
2019-10-04,8165.6861512566,4115.03
2019-10-05,8141.6337137931,4116.77
2019-10-06,7854.6098129749,4119.22
2019-10-07,8226.0234292811,4120.63
2019-10-08,8190.1151207481,4125.71
2019-10-09,8598.3319207481,4128.15
2019-10-10,8578.0903793103,4130.97
2019-10-11,8289.8540289305,4129.62
2019-10-12,8323.7501440678,4131.19
2019-10-13,8291.2506514319,4133.53
2019-10-14,8346.3684365868,4145.91
2019-10-15,8160.7126275278,4138.62
2019-10-16,8003.8559231444,4142.08
2019-10-17,8072.4893822911,4144.72
2019-10-18,7959.331993571,4155.73
2019-10-19,7948.4773372297,4156.0
2019-10-20,8213.7090392753,4158.93
2019-10-21,8211.6545587376,4162.46
2019-10-22,8029.2053728814,4162.55
2019-10-23,7458.0358568089,4163.32
2019-10-24,7454.3711381648,4166.61
2019-10-25,8656.655177557,4170.22
2019-10-26,9249.6467609585,4174.19
2019-10-27,9558.1560440094,4178.93
2019-10-28,9319.1781416715,4182.14
2019-10-29,9431.2071239042,4185.19
2019-10-30,9182.8550651666,4189.65
2019-10-31,9155.2772987727,4196.44
2019-11-01,9251.3812934541,4189.57
2019-11-02,9300.1908375219,4195.5
2019-11-03,9209.6386960842,4200.93
2019-11-04,9418.3601306254,4217.44
2019-11-05,9330.787222969,4217.82
2019-11-06,9354.9333822911,4213.7
2019-11-07,9210.7482223846,4258.23
2019-11-08,8791.3339349503,4263.45
2019-11-09,8810.7845619521,4268.53
2019-11-10,9042.8907232028,4277.21
2019-11-11,8713.2079295734,4282.47
2019-11-12,8788.9581429573,4286.77
2019-11-13,8766.7294305085,4295.14
2019-11-14,8645.4358036236,4296.2
2019-11-15,8465.8778885447,4298.43
2019-11-16,8477.6902428404,4299.45
2019-11-17,8505.1612232613,4303.89
2019-11-18,8183.5334135009,4268.72
2019-11-19,8116.8206725891,4280.56
2019-11-20,8076.5546600818,4283.35
2019-11-21,7612.2774880187,4274.33
2019-11-22,7277.524273232,4259.48
2019-11-23,7324.8361785506,4259.11
2019-11-24,6943.3806560491,4272.81
2019-11-25,7139.0446859731,4271.95
2019-11-26,7165.4377302747,4281.57
2019-11-27,7526.86381654,4285.03
2019-11-28,7436.3363817066,4292.06
2019-11-29,7747.7380420807,4305.06
2019-11-30,7556.1937212157,4309.88
2019-12-01,7417.7272060199,4316.8
2019-12-02,7318.3125218001,4325.81
2019-12-03,7306.4462333139,4345.53
2019-12-04,7215.0203448276,4365.98
2019-12-05,7404.0867949737,4381.11
2019-12-06,7534.2083559322,4393.38
2019-12-07,7512.06140263,4403.99
2019-12-08,7528.9402694331,4411.01
2019-12-09,7340.2274590883,4424.34
2019-12-10,7232.0917837522,4436.84
2019-12-11,7200.4644459965,4445.84
2019-12-12,7192.8490242548,4452.78
2019-12-13,7244.9037200468,4460.51
2019-12-14,7071.1070902981,4466.25
2019-12-15,7111.2866699591,4471.88
2019-12-16,6882.3957953244,4483.02
2019-12-17,6608.9619798364,4491.13
2019-12-18,7284.6254836353,4504.56
2019-12-19,7146.1676376388,4525.0
2019-12-20,7184.2191720631,4526.42
2019-12-21,7140.29801128,4532.58
2019-12-22,7479.4024078901,4538.9
2019-12-23,7321.7487238457,4542.0
2019-12-24,7235.6290838106,4542.11
2019-12-25,7191.1741656926,4552.09
2019-12-26,7194.6397583285,4581.88
2019-12-27,7237.1504472823,4583.26
2019-12-28,7306.6433082992,4579.85
2019-12-29,7391.578521391,4581.77
2019-12-30,7229.3971006429,4577.69
2019-12-31,7167.3950546464,4587.03
2020-01-01,7170.6318687902,4586.59
2020-01-02,6946.8252691409,4586.46
2020-01-03,7315.3093603156,4585.28
2020-01-04,7343.1641943893,4622.81
2020-01-05,7345.5306918177,4624.74
2020-01-06,7765.7977346581,4625.49
2020-01-07,8136.0868419053,4624.75
2020-01-08,8059.699528872,4626.05
2020-01-09,7817.1360932203,4627.55
2020-01-10,8129.8179199299,4627.58
2020-01-11,8032.0054950322,4635.63
2020-01-12,8164.5499931619,4663.14
2020-01-13,8121.9256676213,4693.86
2020-01-14,8830.1678734658,4708.53
2020-01-15,8811.4482025132,4715.35
2020-01-16,8718.6869980129,4718.62
2020-01-17,8912.5419041496,4773.96
2020-01-18,8928.1807565751,4778.97
2020-01-19,8687.3548366452,4785.61
2020-01-20,8636.2587862069,4790.79
2020-01-21,8730.8675601987,4795.33
2020-01-22,8647.9004739918,4797.45
2020-01-23,8366.3846139684,4801.93
2020-01-24,8423.3909581531,4803.94
2020-01-25,8344.7745689655,4805.04
2020-01-26,8573.874809585,4806.5
2020-01-27,8901.9592848627,4810.89
2020-01-28,9297.3883176505,4809.53
2020-01-29,9311.9475435418,4811.61
2020-01-30,9508.9209649328,4812.25
2020-01-31,9357.284782408,4809.66
2020-02-01,9381.8860286382,4810.24
2020-02-02,9339.387063121,4809.27
2020-02-03,9279.8125205143,4787.48
2020-02-04,9161.6271977206,4788.4
2020-02-05,9628.1367758621,4785.23
2020-02-06,9739.2804364699,4769.02
2020-02-07,9800.2793998247,4759.67
2020-02-08,9911.2934084161,4761.51
2020-02-09,10151.0832026885,4764.14
2020-02-10,9872.3618730567,4770.65
2020-02-11,10272.2225558738,4780.85
2020-02-12,10360.1352229106,4781.19
2020-02-13,10235.4973226184,4819.47
2020-02-14,10361.6156901812,4818.13
2020-02-15,9911.7243270018,4818.19
2020-02-16,9952.0466115722,4819.34
2020-02-17,9683.0796277031,4842.38
2020-02-18,10195.3037904734,4843.32
2020-02-19,9636.0022986558,4842.28
2020-02-20,9614.030122443,4840.66
2020-02-21,9701.7975026885,4840.08
2020-02-22,9675.2490575687,4842.22
2020-02-23,9972.8424230859,4846.21
2020-02-24,9648.0078831093,4849.27
2020-02-25,9344.2871400935,4842.76
2020-02-26,8798.8889485681,4845.96
2020-02-27,8779.0294818819,4847.16
2020-02-28,8750.5934459965,4846.65
2020-02-29,8582.0902996493,4847.49
2020-03-01,8541.7738939217,4848.62
2020-03-02,8906.2147564582,4849.84
2020-03-03,8768.8106142022,4875.16
2020-03-04,8756.36957218,4882.24
2020-03-05,9062.6158027469,4879.04
2020-03-06,9147.0850589714,4884.95
2020-03-07,8898.3069567504,4887.29
2020-03-08,8109.6145411455,4889.86
2020-03-09,7896.3853198714,4887.39
2020-03-10,7909.927875453,4891.2
2020-03-11,7939.341334775,4892.28
2020-03-12,4959.3134143776,4874.8
2020-03-13,5627.6923883694,4855.03
2020-03-14,5145.172506429,4853.35
2020-03-15,5358.6106633548,4853.43
2020-03-16,5012.9273877849,4851.46
2020-03-17,5416.7547106955,4842.07
2020-03-18,5392.4878359439,4843.01
2020-03-19,6203.5516320865,4841.57
2020-03-20,6174.1494760374,4838.48
2020-03-21,6175.8310222092,4838.8
2020-03-22,5830.5609796026,4839.48
2020-03-23,6486.4086573349,4838.22
2020-03-24,6775.0576189363,4839.0
2020-03-25,6689.969012858,4831.48
2020-03-26,6754.4603360608,4829.28
2020-03-27,6490.7954150205,4828.27
2020-03-28,6231.8198902396,4827.9
2020-03-29,5904.8575867914,4827.22
2020-03-30,6436.9057001753,4828.36
2020-03-31,6432.3832421391,4827.94
2020-04-01,6643.1100087084,4832.77
2020-04-02,6792.7422220923,4832.98
2020-04-03,6751.9025517826,4834.66
2020-04-04,6859.9891686733,4840.29
2020-04-05,6790.8124726476,4843.18
2020-04-06,7298.1737451783,4844.0
2020-04-07,7187.5933366452,4841.6
2020-04-08,7372.1947639977,4845.34
2020-04-09,7299.5791879018,4849.1
2020-04-10,6859.8226747516,4849.42
2020-04-11,6883.1822289597,4850.73
2020-04-12,6978.666286616,4858.89
2020-04-13,6863.575533197,4861.66
2020-04-14,6875.5385034483,4862.5
2020-04-15,6625.4757751023,4863.4
2020-04-16,7127.7922822326,4863.97
2020-04-17,7081.395198422,4861.83
2020-04-18,7262.7923436002,4861.16
2020-04-19,7150.2442154588,4860.38
2020-04-20,6853.2734147867,4862.31
2020-04-21,6870.4236986558,4869.86
2020-04-22,7123.6569199299,4869.29
2020-04-23,7488.6051652835,4869.72
2020-04-24,7506.4433164816,4869.85
2020-04-25,7537.7382091175,4869.69
2020-04-26,7684.0685216832,4873.25
2020-04-27,7777.4915185856,4873.72
2020-04-28,7769.899698422,4874.47
2020-04-29,8761.83716955,4870.26
2020-04-30,8652.4109912332,4868.33
2020-05-01,8855.53525827,4869.51
2020-05-02,8977.281705377,4877.35
2020-05-03,8896.7956383986,4881.23
2020-05-04,8881.9543045003,4881.22
2020-05-05,8985.8795993571,4888.04
2020-05-06,9266.8130730567,4888.4
2020-05-07,9993.7531768556,4887.92
2020-05-08,9859.3236046172,4883.52
2020-05-09,9577.3389223846,4883.13
2020-05-10,8715.0332932203,4883.05
2020-05-11,8591.6528843367,4882.23
2020-05-12,8817.2506811222,4883.77
2020-05-13,9322.9972020456,4884.54
2020-05-14,9801.2694877265,4883.22
2020-05-15,9326.8758589129,4878.57
2020-05-16,9395.4753893045,4878.84
2020-05-17,9682.5324811806,4882.5
2020-05-18,9726.8500220924,4882.3
2020-05-19,9754.2014620105,4885.2
2020-05-20,9515.702550263,4882.27
2020-05-21,9068.8012293396,4882.31
2020-05-22,9161.8150338983,4881.92
2020-05-23,9183.6621250731,4882.25
2020-05-24,8806.2306571596,4884.59
2020-05-25,8909.1925815313,4884.76
2020-05-26,8835.1372533606,4886.25
2020-05-27,9169.0574392168,4888.78
2020-05-28,9568.2618530099,4888.32
2020-05-29,9432.4133334307,4884.61
2020-05-30,9691.6804911748,4885.14
2020-05-31,9433.9438466394,4883.81
2020-06-01,10199.1350542373,4870.26
2020-06-02,9512.3465330216,4870.29
2020-06-03,9642.2734003507,4871.36
2020-06-04,9813.360679135,4868.98
2020-06-05,9641.8916225599,4870.28
2020-06-06,9668.6705385739,4873.21
2020-06-07,9747.5801110462,4876.28
2020-06-08,9769.3423614845,4878.33
2020-06-09,9779.4221656634,4880.81
2020-06-10,9888.4441746932,4880.4
2020-06-11,9277.4511693162,4881.66
2020-06-12,9456.1615333139,4882.74
2020-06-13,9461.3337986558,4884.38
2020-06-14,9342.955635301,4885.68
2020-06-15,9441.38321128,4890.02
2020-06-16,9520.0919482759,4893.37
2020-06-17,9448.6935606078,4896.02
2020-06-18,9389.9907663939,4899.02
2020-06-19,9285.991582934,4901.35
2020-06-20,9357.2924644652,4904.61
2020-06-21,9284.7693718293,4907.83
2020-06-22,9684.6201847458,4910.98
2020-06-23,9611.7259982466,4914.28
2020-06-24,9292.9435435418,4911.17
2020-06-25,9247.1214324956,4914.7
2020-06-26,9159.4377720631,4920.34
2020-06-27,9002.1656171829,4921.13
2020-06-28,9108.0656745763,4921.89
2020-06-29,9184.247366277,4921.9
2020-06-30,9143.967585301,4922.73
2020-07-01,9241.3396123904,4921.42
2020-07-02,9094.3872867914,4920.55
2020-07-03,9066.6906966102,4921.6
2020-07-04,9126.2195549386,4921.63
2020-07-05,9079.6140180888,4922.05
2020-07-06,9338.9425911748,4922.53
2020-07-07,9252.1587326125,4921.93
2020-07-08,9434.5679564582,4922.59
2020-07-09,9231.5023475161,4923.31
2020-07-10,9285.2210154296,4923.66
2020-07-11,9237.1710081824,4934.01
2020-07-12,9289.0979769141,4936.11
2020-07-13,9236.6225011689,4937.26
2020-07-14,9260.3569868498,4935.6
2020-07-15,9196.7255589714,4951.49
2020-07-16,9132.5923120982,4974.53
2020-07-17,9156.4687097604,4980.59
2020-07-18,9175.9053085915,4984.46
2020-07-19,9218.8423108124,4990.04
2020-07-20,9167.1905675044,5003.66
2020-07-21,9388.5743497954,5006.87
2020-07-22,9531.2574301578,5011.36
2020-07-23,9609.1667153711,5013.26
2020-07-24,9548.1007270602,5014.82
2020-07-25,9702.4527904734,5015.25
2020-07-26,9933.9065542373,5017.79
2020-07-27,11046.5083295149,5037.81
2020-07-28,10944.6129789012,5031.09
2020-07-29,11115.7712819988,5031.98
2020-07-30,11135.3907261835,5030.62
2020-07-31,11338.1973407949,5032.41
2020-08-01,11797.5821265342,5037.37
2020-08-02,11094.0206841321,5038.18
2020-08-03,11236.0956805377,5038.77
2020-08-04,11202.651909059,5039.75
2020-08-05,11721.4384715956,5040.76
2020-08-06,11769.3091081239,5041.77
2020-08-07,11598.9690585038,5040.22
2020-08-08,11743.0086350088,5040.22
2020-08-09,11680.5173661601,5041.34
2020-08-10,11870.3695447107,5048.53
2020-08-11,11392.6440884278,5050.41
2020-08-12,11575.5124736996,5048.33
2020-08-13,11773.4481155465,5048.22
2020-08-14,11774.4082518995,5046.18
2020-08-15,11866.9103613092,5046.37
2020-08-16,11899.6427535944,5048.63
2020-08-17,12315.7624166569,5048.9
2020-08-18,11992.6959962595,5049.74
2020-08-19,11736.8490645237,5048.08
2020-08-20,11867.5203439509,5046.27
2020-08-21,11524.6989491525,5045.78
2020-08-22,11682.2891503799,5045.15
2020-08-23,11665.6092735243,5045.16
2020-08-24,11771.4080537405,5045.86
2020-08-25,11358.4543202805,5043.7
2020-08-26,11472.0491204559,5037.9
2020-08-27,11314.6737410286,5038.05
2020-08-28,11527.8830322326,5040.95
2020-08-29,11490.7623477499,5040.04
2020-08-30,11698.9758329632,5039.92
2020-08-31,11678.3482268849,5033.23
2020-09-01,11970.364856166,5032.02
2020-09-02,11414.5209336645,5032.19
2020-09-03,10261.4944095266,5029.27
2020-09-04,10471.9664133255,5026.09
2020-09-05,10128.64358609,5024.32
2020-09-06,10253.2998980129,5024.05
2020-09-07,10367.8783543542,5025.4
2020-09-08,10108.6354501461,5031.94
2020-09-09,10223.1114091175,5031.39
2020-09-10,10334.6307302162,5032.01
2020-09-11,10387.0207419638,5031.85
2020-09-12,10436.9778322618,5033.88
2020-09-13,10322.5236148451,5035.67
2020-09-14,10662.719912332,5039.25
2020-09-15,10779.3810249562,5041.95
2020-09-16,10968.3205465809,5037.11
2020-09-17,10936.2927505552,5036.19
2020-09-18,10920.1128439509,5034.37
2020-09-19,11073.7795478083,5030.62
2020-09-20,10921.2180998247,5028.95
2020-09-21,10455.3799623027,5028.06
2020-09-22,10519.8391641146,5027.03
2020-09-23,10233.2995687317,5027.16
2020-09-24,10739.0427094097,5027.13
2020-09-25,10683.6305806546,5024.68
2020-09-26,10742.0304202221,5023.87
2020-09-27,10758.8242899474,5023.02
2020-09-28,10727.3750541204,5022.95
2020-09-29,10841.1427444769,5021.98
2020-09-30,10772.351766803,5017.04
2020-10-01,10606.6173325541,5016.2
2020-10-02,10570.1056777908,5013.01
2020-10-03,10555.7054339567,5015.32
2020-10-04,10665.618622443,5017.73
2020-10-05,10772.6355995909,5018.17
2020-10-06,10596.3735493863,5035.93
2020-10-07,10667.1943941555,5040.03
2020-10-08,10902.5293637054,5042.26
2020-10-09,11074.1036797779,5041.03
2020-10-10,11302.8542864407,5043.5
2020-10-11,11378.2625284629,5047.86
2020-10-12,11548.401556692,5048.91
2020-10-13,11434.9687849211,5051.51
2020-10-14,11417.10811391,5055.13
2020-10-15,11502.5812390415,5061.02
2020-10-16,11338.9871765634,5066.86
2020-10-17,11362.8022174167,5071.05
2020-10-18,11489.6225650497,5077.22
2020-10-19,11745.8119675628,5079.14
2020-10-20,11929.4572507306,5082.35
2020-10-21,12848.4906177674,5085.97
2020-10-22,12997.4993417884,5069.74
2020-10-23,12953.4296969608,5041.2
2020-10-24,13113.8669231444,5041.76
2020-10-25,13041.6410374635,5046.72
2020-10-26,13080.6561698422,5048.04
2020-10-27,13675.5239275278,5048.39
2020-10-28,13290.3288497954,5049.23
2020-10-29,13475.2173007013,5049.35
2020-10-30,13603.2960908825,5048.7
2020-10-31,13807.2336110462,5052.46
2020-11-01,13736.89941128,5059.28
2020-11-02,13595.5647603741,5053.23
2020-11-03,13996.9153985973,5058.08
2020-11-04,14129.1481954997,5059.09
2020-11-05,15606.466833723,5034.56
2020-11-06,15618.9724713618,5032.49
2020-11-07,14866.3563045003,5037.51
2020-11-08,15500.0007071888,5028.96
2020-11-09,15319.8199725307,5029.57
2020-11-10,15319.2756762127,5030.92
2020-11-11,15731.2411057861,5033.5
2020-11-12,16289.8148977206,5037.21
2020-11-13,16330.062767972,5036.99
2020-11-14,16102.0100169492,5039.06
2020-11-15,15986.7549905903,5039.86
2020-11-16,16743.0539398013,5039.28
2020-11-17,17682.1691870251,5034.29
2020-11-18,17804.6900239626,5029.05
2020-11-19,17818.6686621859,5030.29
2020-11-20,18663.7818531268,5013.35
2020-11-21,18706.5893354179,5004.64
2020-11-22,18482.6926317358,5005.99
2020-11-23,18373.2577597896,5009.82
2020-11-24,19150.2510485096,5005.66
2020-11-25,18748.3937130333,5028.42
2020-11-26,17113.7168714202,5028.28
2020-11-27,17101.6030180596,5012.51
2020-11-28,17745.3773124489,5015.55
2020-11-29,18190.8668804208,5017.93
2020-11-30,19664.4076066628,5015.83
2020-12-01,18820.6077895967,5012.75
2020-12-02,19214.8722290473,5008.76
2020-12-03,19470.3112080655,5012.95
2020-12-04,18732.9670909994,5013.01
2020-12-05,19114.6331309176,5016.68
2020-12-06,19356.3136767972,5020.3
2020-12-07,19182.1768328463,5026.74
2020-12-08,18340.9781376973,5033.17
2020-12-09,18574.6967352426,5036.65
2020-12-10,18294.8469514904,5041.26
2020-12-11,18061.760025716,5034.31
2020-12-12,18813.2837685564,5037.53
2020-12-13,19156.0825055523,5020.75
2020-12-14,19286.7512992402,5025.22
2020-12-15,19432.5884640561,5028.44
2020-12-16,21370.7203186441,5022.82
2020-12-17,22789.2674160725,5017.1
2020-12-18,23048.7645610754,5007.53
2020-12-19,23856.7735192285,5008.21
2020-12-20,23528.5506135593,4996.91
2020-12-21,22937.4183435418,4993.4
2020-12-22,23756.8887685564,4980.88
2020-12-23,23307.2709018118,4973.14
2020-12-24,23707.6330440678,4971.55
2020-12-25,24669.1643220339,4969.84
2020-12-26,26478.0681052016,4966.76
2020-12-27,26430.8565971946,4971.48
2020-12-28,27039.3490199883,4949.78
2020-12-29,27231.2034552893,4948.56
2020-12-30,28844.6136781999,4949.77
2020-12-31,29022.6714126242,4952.42
2021-01-01,29380.6937327878,4949.04
2021-01-02,32022.6810578609,4970.69
2021-01-03,33277.8353050848,4966.99
2021-01-04,31802.1467136178,4974.99
2021-01-05,34013.1741724138,4985.16
2021-01-06,36643.2777223846,5001.37
2021-01-07,39215.6511490356,5018.72
2021-01-08,40775.4045634132,5021.49
2021-01-09,40370.6823495032,5020.02
2021-01-10,38329.3401665693,5042.56
2021-01-11,35269.5137177089,5054.01
2021-01-12,33712.4685452952,5059.6
2021-01-13,37296.5475277615,5069.56
2021-01-14,39045.518340152,5100.02
2021-01-15,36710.3174248977,5086.99
2021-01-16,36177.2610970193,5089.27
2021-01-17,36069.939466803,5086.99
2021-01-18,36594.2964018118,5085.95
2021-01-19,36250.1461893629,5092.44
2021-01-20,35515.480012858,5086.57
2021-01-21,31022.9510280538,5092.31
2021-01-22,32986.4357568673,5100.67
2021-01-23,32036.2822723553,5105.2
2021-01-24,32216.1042904734,5109.52
2021-01-25,32419.7059462303,5113.27
2021-01-26,32640.6391426067,5118.43
2021-01-27,30358.9347235535,5118.89
2021-01-28,33511.287595149,5123.28
2021-01-29,34166.1494259497,5111.64
2021-01-30,34349.9170952659,5116.72
2021-01-31,33157.8325745178,5106.62
2021-02-01,33570.2718468732,5109.72
2021-02-02,35596.1489094097,5117.2
2021-02-03,37578.3732068966,5127.54
2021-02-04,37129.2029376972,5118.39
2021-02-05,38045.4136084161,5114.0
2021-02-06,39341.727081239,5123.1
2021-02-07,39003.0121817651,5136.57
2021-02-08,46121.9340724722,5143.55
2021-02-09,46548.1619912332,5143.48
2021-02-10,45078.128350263,5139.72
2021-02-11,47892.8409181765,5143.2
2021-02-12,47525.2091431911,5146.73
2021-02-13,47208.6250270602,5150.45
2021-02-14,48829.8275096435,5152.99
2021-02-15,48110.2417334892,5155.94
2021-02-16,49140.3826578024,5158.95
2021-02-17,52224.9391139684,5159.07
2021-02-18,51650.0699485681,5176.49
2021-02-19,55820.5044038574,5183.94
2021-02-20,55861.8205670953,5185.87
2021-02-21,57500.7161102864,5229.27
2021-02-22,53952.1533386324,5228.05
2021-02-23,48560.4890350672,5262.17
2021-02-24,49567.3456890707,5263.94
2021-02-25,47568.131170076,5261.01
2021-02-26,46231.7675784921,5264.54
2021-02-27,45834.5133611923,5268.65
2021-02-28,45359.4641642314,5269.82
2021-03-01,49634.4471092928,5276.15
2021-03-02,48304.7054879018,5280.85
2021-03-03,50690.4671835184,5293.4
2021-03-04,48472.7954751607,5300.22
2021-03-05,48800.8173594389,5304.31
2021-03-06,48970.5244868498,5304.85
2021-03-07,51086.4681794272,5310.91
2021-03-08,52088.475131502,5320.96
2021-03-09,54739.1352542373,5319.52
2021-03-10,56116.040912332,5321.02
2021-03-11,57847.2549357101,5356.73
2021-03-12,57334.641534775,5358.79
2021-03-13,61288.7941276447,5359.07
2021-03-14,59905.6184704851,5356.88
2021-03-15,56121.121924021,5406.82
2021-03-16,56500.4460257159,5416.32
2021-03-17,58683.0659824664,5430.67
2021-03-18,57731.4798410871,5448.02
2021-03-19,58168.1219222677,5452.6
2021-03-20,58247.8847066043,5460.31
2021-03-21,57447.9330198714,5478.3
2021-03-22,54453.1373508475,5505.09
2021-03-23,54563.6119458211,5511.58
2021-03-24,52595.4113237873,5539.77
2021-03-25,51547.1248953828,5540.41
2021-03-26,54817.8571122151,5538.0
2021-03-27,56019.8373055523,5532.06
2021-03-28,55713.0381396844,5534.31
2021-03-29,57571.2333477498,5541.85
2021-03-30,58684.5483921683,5548.59
2021-03-31,58792.1948275862,5556.96
2021-04-01,58818.9770985973,5556.68
2021-04-02,59031.5340192285,5558.26
2021-04-03,57282.3896247808,5582.1
2021-04-04,58202.199391993,5588.54
2021-04-05,58755.8525295149,5618.97
2021-04-06,58084.0664231444,5630.01
2021-04-07,56266.8346762127,5631.05
2021-04-08,57963.3445994155,5598.05
2021-04-09,58051.7625563998,5606.34
2021-04-10,59651.5589877265,5604.04
2021-04-11,59932.9306469901,5617.41
2021-04-12,59905.9363744594,5695.24
2021-04-13,63445.638314436,5713.17
2021-04-14,62869.4955873758,5732.82
2021-04-15,63231.162987142,5748.09
2021-04-16,61571.1100905903,5721.43
2021-04-17,60280.8761758036,5730.58
2021-04-18,56389.5579812975,5716.28
2021-04-19,55798.1370771479,5730.2
2021-04-20,56474.3737586207,5749.93
2021-04-21,54025.7995745178,5771.6
2021-04-22,51882.0598106371,5783.26
2021-04-23,50954.9100607832,5798.92
2021-04-24,50279.9484464056,5824.79
2021-04-25,48946.9407428404,5839.98
2021-04-26,53943.3499783752,5872.82
2021-04-27,55027.0309848042,5906.54
2021-04-28,54787.3787071888,5925.8
2021-04-29,53567.0811938048,5954.23
2021-04-30,57741.44441654,5989.45
2021-05-01,57863.5903927528,6021.52
2021-05-02,56572.5968410286,6042.91
2021-05-03,57243.0416054939,6079.61
2021-05-04,53724.10892519,6100.08
2021-05-05,57342.0256616014,6131.31
2021-05-06,56527.3529789597,6161.59
2021-05-07,57341.0684549386,6188.91
2021-05-08,58736.1258950906,6234.16
2021-05-09,58288.4256303916,6266.3
2021-05-10,55902.9277399182,6289.66
2021-05-11,56612.1026487434,6349.3
2021-05-12,50972.355081239,6360.17
2021-05-13,49368.6144739918,6370.24
2021-05-14,49997.3959011105,6379.39
2021-05-15,47047.9633331385,6409.41
2021-05-16,46022.5037090006,6438.56
2021-05-17,43492.3954833431,6463.32
2021-05-18,42789.8093921683,6498.84
2021-05-19,37642.5200017534,6532.83
2021-05-20,40799.4021475745,6512.58
2021-05-21,37174.3311014027,6556.56
2021-05-22,37643.4197983635,6711.95
2021-05-23,34774.207221917,6757.88
2021-05-24,38630.4091186441,6807.08
2021-05-25,38269.7710747516,6829.76
2021-05-26,39194.8588980129,6871.3
2021-05-27,38510.8570417884,6913.97
2021-05-28,35596.7179510228,6940.4
2021-05-29,34681.8183670368,6924.19
2021-05-30,35652.1687703098,6949.45
2021-05-31,37312.9748970193,7024.31
2021-06-01,36661.3781184687,7053.97
2021-06-02,37639.4556732905,7080.28
2021-06-03,39160.1504132086,7062.04
2021-06-04,36884.3735551724,7048.41
2021-06-05,35409.5672366452,7077.57
2021-06-06,35720.6043546464,7286.2
2021-06-07,33724.9077517826,7290.24
2021-06-08,33475.0489234366,7312.35
2021-06-09,37372.9888953828,7339.73
2021-06-10,36826.0022185856,7340.61
2021-06-11,37185.3931268264,7378.21
2021-06-12,35669.1712817066,7423.96
2021-06-13,38925.4194289889,7476.48
2021-06-14,40455.5959833431,7531.07
2021-06-15,40254.6514679135,7586.12
2021-06-16,38265.5437726476,7666.09
2021-06-17,38018.6432346581,7828.36
2021-06-18,37280.37,8219.01
2021-06-19,35555.9763966686,8322.5
2021-06-20,34820.11,8400.0
2021-06-21,32584.96,8439.62
2021-06-22,32908.33,8496.31
2021-06-23,33610.4968129749,8574.52
2021-06-24,34897.22,8637.76
2021-06-25,32262.76,8688.01
2021-06-26,31336.27,8755.47
2021-06-27,32642.96,8816.64
2021-06-28,34376.188538983,8881.99
2021-06-29,36148.79,8933.05
2021-06-30,34590.84,8976.09
2021-07-01,33418.21,8991.64
2021-07-02,33782.9459464641,9011.98
2021-07-03,34720.1,9039.62
2021-07-04,35355.6078883694,9073.04
2021-07-05,33911.7538404442,9123.48
2021-07-06,33946.37,9207.7
2021-07-07,34690.12,9278.4
2021-07-08,32819.6595312098,9313.15
2021-07-09,33914.8810742256,9348.74
2021-07-10,33335.86,9358.28
2021-07-11,33846.4,9376.38
2021-07-12,32834.9,9379.26
2021-07-13,32641.9759610169,9375.18
2021-07-14,32813.26,9376.82
2021-07-15,31750.98,9390.68
2021-07-16,31455.7175818819,9377.53
2021-07-17,31547.9511990064,9532.49
2021-07-18,31645.72,9659.43
2021-07-19,30805.05,9802.05
2021-07-20,29877.38,9976.2
2021-07-21,31843.81,10113.01
2021-07-22,32306.9614285798,10216.85
2021-07-23,33439.5957028638,10273.73
2021-07-24,34166.914654588,10339.37
2021-07-25,35119.9374360023,10399.82
2021-07-26,37444.7825102279,10374.23
2021-07-27,38055.11,10442.37
2021-07-28,40003.52,10646.32
2021-07-29,39722.32,10748.63
2021-07-30,40860.23,10902.6
2021-07-31,41793.3137481005,10953.4
2021-08-01,41310.19,11050.65
2021-08-02,39304.1862835769,11266.59
2021-08-03,38288.8253975453,11382.08
2021-08-04,39706.49,11446.52
2021-08-05,40908.48,11493.3
2021-08-06,42690.36,11554.78
2021-08-07,43945.42,11587.55
2021-08-08,43855.21,11658.26
2021-08-09,46265.6424564582,11688.7
2021-08-10,45488.7912624196,11754.28
2021-08-11,45676.3263611923,11794.63
2021-08-12,44440.18,11770.88
2021-08-13,47717.4853559322,11799.91
2021-08-14,46665.44,11797.21
2021-08-15,46749.52,11804.59
2021-08-16,46064.94,11836.97
2021-08-17,45017.36,11882.57
2021-08-18,44592.92,12063.96
2021-08-19,46567.94,12172.57
2021-08-20,48652.94,12207.69
2021-08-21,49070.2409701929,12305.58
2021-08-22,48424.68,12374.3
2021-08-23,49509.06,12559.18
2021-08-24,48364.25,12621.68
2021-08-25,48747.71,12675.16
2021-08-26,47047.56,12680.54
2021-08-27,48942.27,12712.38
2021-08-28,48746.55,12797.78
2021-08-29,48896.51,12834.44
2021-08-30,48653.6,12876.98
2021-08-31,46995.72,12975.25
2021-09-01,48269.06,13604.63
2021-09-02,49555.55,13620.34
2021-09-03,49860.5341635301,13771.08
2021-09-04,49919.577563647,13786.94
2021-09-05,51652.0,13794.11
2021-09-06,52640.5883740503,13817.01
2021-09-07,46806.02,13848.12
2021-09-08,46154.44,13881.53
2021-09-09,46268.06,13910.81
2021-09-10,45130.85,13949.51
2021-09-11,45098.5916447691,13982.56
2021-09-12,46180.6124563998,14142.4
2021-09-13,44991.5221277031,14196.75
2021-09-14,46842.21,14393.56
2021-09-15,48167.1893676213,14427.34
2021-09-16,47103.61,14445.18
2021-09-17,47086.39,14454.67
2021-09-18,48015.88,14467.97
2021-09-19,47587.39,14551.35
2021-09-20,43569.67,14599.81
2021-09-21,40526.4893760958,14816.79
2021-09-22,43475.75,14909.46
2021-09-23,44716.19,14987.92
2021-09-24,42991.34,15005.15
2021-09-25,42714.1,15223.03
2021-09-26,43131.2941773816,15231.98
2021-09-27,42720.72,15241.53
2021-09-28,41811.6,15228.29
2021-09-29,41453.9470131502,15325.6
2021-09-30,43781.546015488,15334.74
2021-10-01,48078.1315543542,15370.74
2021-10-02,47984.28,15392.84
2021-10-03,48441.32,15412.79
2021-10-04,49288.5013106371,15456.86
2021-10-05,51558.0493319112,15482.73
2021-10-06,54893.34,15626.65
2021-10-07,53805.1569125658,15641.18
2021-10-08,53933.5275908825,15636.9
2021-10-09,54648.42,15648.05
2021-10-10,55431.06,15677.17
2021-10-11,57395.76,15689.68
2021-10-12,56196.1812597896,15711.28
2021-10-13,57348.8928769725,15740.09
2021-10-14,57384.0369146698,15946.89
2021-10-15,61446.0840073057,15984.77
2021-10-16,60932.0632119228,15990.93
2021-10-17,61462.2223722969,16026.0
2021-10-18,61977.0575514319,16049.22
2021-10-19,64290.8977574518,16115.61
2021-10-20,66061.7965639977,16110.38
2021-10-21,62373.8856206897,16181.31
2021-10-22,60750.9673718293,16090.97
2021-10-23,61250.082628872,16109.18
2021-10-24,60865.4470523086,15971.09
2021-10-25,63031.6729015196,15956.07
2021-10-26,60393.9802738165,15979.42
2021-10-27,58563.3359899766,16009.78
2021-10-28,60564.5721122151,16049.14
2021-10-29,62230.8055689655,16073.27
2021-10-30,61809.68,16107.63
2021-10-31,61432.9700628287,16126.46
2021-11-01,61092.0950592051,16152.62
2021-11-02,63024.7472296902,16144.56
2021-11-03,62955.9817630041,16099.03
2021-11-04,61393.8899780246,16106.44
2021-11-05,61005.840833723,16131.97
2021-11-06,61455.0536268849,16148.68
2021-11-07,63043.8290590298,16165.87
2021-11-08,67541.7555081824,16181.87
2021-11-09,67095.5856706605,16202.79
2021-11-10,64756.0779689071,16241.15
2021-11-11,64962.9312939801,16258.95
2021-11-12,64078.968037405,16196.65
2021-11-13,64397.7912063121,16217.23
2021-11-14,65032.2256548217,16233.95
2021-11-15,63753.5031592636,16235.32
2021-11-16,60322.4978530099,16229.85
2021-11-17,60154.3083661601,16249.06
2021-11-18,56794.1556271186,16252.8
2021-11-19,58014.0729888954,16240.83
2021-11-20,59749.4738229106,16272.83
2021-11-21,59032.6241017534,16275.62
2021-11-22,56383.5658760958,16270.8
2021-11-23,57642.2657980713,16287.52
2021-11-24,57141.8303784337,16291.47
2021-11-25,59008.6554792519,16245.99
2021-11-26,53800.6178389831,16248.28
2021-11-27,54635.8824628872,16250.27
2021-11-28,57248.5696963764,16247.45
2021-11-29,57920.7107299825,16249.88
2021-11-30,57097.0127942724,16278.74
2021-12-01,57180.6098439509,16284.93
2021-12-02,56582.8937691408,16298.01
2021-12-03,53671.6160680888,16255.47
2021-12-04,49159.7357983635,16264.98
2021-12-05,49327.0935999416,16316.98
2021-12-06,50535.4252232612,16312.69
2021-12-07,50574.4728344828,16325.21
2021-12-08,50500.6543513735,16367.22
2021-12-09,47937.8228458212,16451.24
2021-12-10,47437.2289725307,16475.37
2021-12-11,49321.7693252484,16510.67
2021-12-12,50136.5722568673,16540.12
2021-12-13,46785.3278410286,16547.14
2021-12-14,48292.6822501461,16552.85
2021-12-15,48830.6223860316,16558.3
2021-12-16,47663.4691077148,16547.97
2021-12-17,46334.4837489772,16524.53
2021-12-18,46904.8736753361,16517.91
2021-12-19,46876.426924021,16509.32
2021-12-20,46954.7634783168,16499.63
2021-12-21,49082.0624666277,16512.87
2021-12-22,48692.0987391584,16506.47
2021-12-23,50712.9707682642,16448.94
2021-12-24,50783.8344210988,16447.87
2021-12-25,50590.4508976622,16440.17
2021-12-26,50798.3065859147,16420.47
2021-12-27,50796.3776735827,16432.08
2021-12-28,47673.0440452367,16438.36
2021-12-29,46470.3215751023,16431.77
2021-12-30,47102.4630037989,16423.78
2021-12-31,46355.1173302747,16421.39
2022-01-01,47560.0093816482,16423.4
2022-01-02,47352.5577565751,16467.51
2022-01-03,46453.432351841,16629.21
2022-01-04,45905.9611221508,16696.31
2022-01-05,43530.9440388662,16875.25
2022-01-06,43144.9652928112,16886.74
2022-01-07,41512.7845808299,16884.78
2022-01-08,41799.8128848627,16893.63
2022-01-09,41886.4985569842,16931.81
2022-01-10,41816.9510561075,16939.21
2022-01-11,42768.1786116306,16948.89
2022-01-12,43961.0265441262,16955.63
2022-01-13,42626.8653924605,16952.63
2022-01-14,43102.6476180596,16971.96
2022-01-15,43206.6744812975,16993.77
2022-01-16,43168.8596671537,17017.82
2022-01-17,42211.270399474,17075.92
2022-01-18,42431.2319670368,17086.49
2022-01-19,41787.722012858,17099.11
2022-01-20,40756.1261630625,17100.0
2022-01-21,36492.2872241379,17117.65
2022-01-22,34996.390965225,17120.83
2022-01-23,36271.0502650497,17130.25
2022-01-24,36659.7252206312,17123.94
2022-01-25,36952.586773232,17142.61
2022-01-26,36825.8245993571,17146.33
2022-01-27,37021.9371332554,17147.9
2022-01-28,37768.8474836353,17124.03
2022-01-29,38088.2912279953,17133.98
2022-01-30,37983.5063845704,17163.17
2022-01-31,38462.6724029807,17178.42
2022-02-01,38787.9640824079,17274.85
2022-02-02,36942.3307493279,17283.8
2022-02-03,37057.6521879018,17265.46
2022-02-04,41079.9060881356,17272.06
2022-02-05,41508.5816925774,17269.68
2022-02-06,42358.2251732905,17284.46
2022-02-07,43888.980119813,17298.1
2022-02-08,44167.4447945646,17312.91
2022-02-09,44405.0732042665,17395.56
2022-02-10,43614.3426960842,17415.46
2022-02-11,42357.3217416715,17404.06
2022-02-12,42173.4593962595,17441.42
2022-02-13,42195.5947451782,17450.48
2022-02-14,42646.1618590883,17462.04
2022-02-15,44511.9084880187,17477.65
2022-02-16,44065.7092673875,17498.88
2022-02-17,40610.024261543,17506.52
2022-02-18,40044.2204856809,17506.62
2022-02-19,40095.887329398,17521.7
2022-02-20,38551.6224967855,17543.62
2022-02-21,37098.0360081824,17557.36
2022-02-22,38202.5940818235,17593.22
2022-02-23,37308.2687344243,17634.41
2022-02-24,38283.790402104,17646.1
2022-02-25,39323.7702158387,17653.69
2022-02-26,39056.5781523086,17671.16
2022-02-27,37664.7792828755,17704.23
2022-02-28,43179.2545140269,17530.06
2022-03-01,44334.457582408,17531.55
2022-03-02,43984.584926768,17557.12
2022-03-03,42492.7744552893,17575.45
2022-03-04,39106.4052159556,17580.8
2022-03-05,39383.8848433665,17600.54
2022-03-06,38399.3426268264,17661.81
2022-03-07,38146.734273232,17687.16
2022-03-08,38725.477261543,17698.09
2022-03-09,41989.4028179427,17707.42
2022-03-10,39482.2584672706,17725.35
2022-03-11,38825.3644214494,17767.61
2022-03-12,38951.1300157802,17777.42
2022-03-13,37808.3174004091,17784.28
2022-03-14,39649.0453243717,17792.55
2022-03-15,39356.8139000584,17796.5
2022-03-16,41101.768579135,17826.11
2022-03-17,40966.4169324956,17837.51
2022-03-18,41826.1160710111,17861.0
2022-03-19,42193.1615362361,17902.17
2022-03-20,41294.7235129164,17929.03
2022-03-21,41064.429648159,17999.66
2022-03-22,42383.169518761,18027.65
2022-03-23,42734.2000355932,18053.67
2022-03-24,43974.5935882525,18101.53
2022-03-25,44347.034279661,18171.01
2022-03-26,44519.9268641145,18216.85
2022-03-27,46777.2056265342,18265.59
2022-03-28,47223.6528860316,18290.33
2022-03-29,47463.7096770894,18385.92
2022-03-30,47123.2971478667,18427.63
2022-03-31,45562.2106665693,18518.71
2022-04-01,46250.3362878434,18495.67
2022-04-02,45939.8973489188,18585.0
2022-04-03,46440.5438538866,18591.68
2022-04-04,46663.0041770894,18553.8
2022-04-05,45693.0350619521,18538.6
2022-04-06,43304.9371990064,18520.54
2022-04-07,43569.0471697837,18523.35
2022-04-08,42222.0689772063,18521.2
2022-04-09,42680.9947355932,18578.71
2022-04-10,42264.4633909994,18610.65
2022-04-11,39544.0251835184,18614.29
2022-04-12,40096.3669748685,18763.71
2022-04-13,41152.7554517826,18767.52
2022-04-14,39916.4963842782,18835.14
2022-04-15,40527.3319567504,18850.39
2022-04-16,40439.5881209819,18860.69
2022-04-17,39704.7839798364,18916.26
2022-04-18,40818.8786025716,18963.42
2022-04-19,41489.6638011689,18988.48
2022-04-20,41395.64458346,18996.65
2022-04-21,40457.4959418469,19533.04
2022-04-22,39737.9735040912,19510.79
2022-04-23,39582.4548720047,19523.56
2022-04-24,39511.6456928697,19594.42
2022-04-25,40473.7483176505,19625.85
2022-04-26,38072.800873758,19620.08
2022-04-27,39218.5376174752,19672.51
2022-04-28,39747.9894270018,19676.38
2022-04-29,38609.5059070719,19670.1
2022-04-30,37714.0949804208,19683.07
2022-05-01,38459.226979135,19726.04
2022-05-02,38566.0628877849,19685.88
2022-05-03,37704.4053153127,19694.15
2022-05-04,39641.852176505,19825.81
2022-05-05,36502.0245601403,19839.21
2022-05-06,36042.9995584453,19852.87
2022-05-07,35508.7110227937,19857.29
2022-05-08,34058.9066861484,19872.42
2022-05-09,30457.9218194039,19869.59
2022-05-10,30990.7351659848,19887.82
2022-05-11,28796.5568217417,19858.72
2022-05-12,29030.7070417884,19853.17
2022-05-13,29285.9346718293,19837.26
2022-05-14,30051.935755114,19861.6
2022-05-15,31182.6212460549,19888.77
2022-05-16,29889.6124757452,19889.6
2022-05-17,30438.1944476914,19889.0
2022-05-18,28771.2204786675,19908.04
2022-05-19,30257.8852483928,19874.91
2022-05-20,29224.245998422,19875.54
2022-05-21,29420.0782857978,19891.71
2022-05-22,30331.87514173,19910.15
2022-05-23,29088.2515419638,19906.29
2022-05-24,29643.6837556984,19921.25
2022-05-25,29577.259880187,19943.76
2022-05-26,29332.4860467563,19950.31
2022-05-27,28612.0413103448,19953.66
2022-05-28,29045.5206344243,19960.14
2022-05-29,29294.99,19969.77
2022-05-30,31735.9549719462,19986.68
2022-05-31,31831.4095251315,20040.48
2022-06-01,29825.9221992987,20098.44
2022-06-02,30504.2679997078,20018.8
2022-06-03,29662.6709708942,20006.67
2022-06-04,29792.4076779077,20006.93
2022-06-05,29915.4093009936,20022.44
2022-06-06,31333.6770197545,20042.98
2022-06-07,31175.0324289889,19989.22
2022-06-08,30228.464698422,19999.82
2022-06-09,30064.4855289305,19977.28
2022-06-10,29070.4000300994,19980.12
2022-06-11,28360.7899231444,19964.7
2022-06-12,26830.2839456458,19978.59
2022-06-13,22316.2570400351,19906.15
2022-06-14,22072.8663085915,19853.05
2022-06-15,22520.7910087668,19746.34
2022-06-16,20310.1769848042,19748.98
2022-06-17,20464.9290873174,19759.79
2022-06-18,19013.8672536528,19749.48
2022-06-19,20492.2951683226,19764.07
2022-06-20,20571.6292247224,19777.56
2022-06-21,20688.4651312098,19789.38
2022-06-22,20003.1683375219,19782.69
2022-06-23,21097.1028331385,19781.28
2022-06-24,21299.0769853887,19774.8
2022-06-25,21468.3431566335,19785.64
2022-06-26,21066.6209430158,19794.56
2022-06-27,20751.0516960842,19786.43
2022-06-28,20263.2196393922,19802.07
2022-06-29,20080.9480864991,19803.11
2022-06-30,19332.9121294565,19772.93
2022-07-01,19341.8631240795,19789.75
2022-07-02,19231.8317083577,19798.07
2022-07-03,19276.5146639392,19789.53
2022-07-04,20226.2984745763,19790.89
2022-07-05,20193.3427938048,19795.3
2022-07-06,20560.8438126826,19797.13
2022-07-07,21651.4191423144,19801.85
2022-07-08,21813.7871239042,19824.91
2022-07-09,21585.1321922852,19849.84
2022-07-10,20831.2733915839,19877.86
2022-07-11,19971.3294704851,19954.91
2022-07-12,19339.1534734074,19969.52
2022-07-13,20155.5278386908,19991.73
2022-07-14,20552.8990289304,20043.42
2022-07-15,20831.722700526,20059.37
2022-07-16,21196.5091428989,20084.59
2022-07-17,21184.32,20124.31
2022-07-19,23371.2026601403,20055.32
2022-07-20,23280.9356680304,20049.04
2022-07-21,23152.4093112215,19945.52
2022-07-22,22706.0835554646,19930.06
2022-07-23,22484.4592317358,19910.87
2022-07-24,22653.3570260082,19906.89
2022-07-25,21510.1255874342,19895.27
2022-07-26,21181.6591967855,19894.38
2022-07-27,22898.4150683226,19894.46
2022-07-28,23838.5568838691,19894.72
2022-07-29,23950.7403798948,19893.64
2022-07-30,23623.4349611338,19899.04
2022-07-31,23356.1722215079,19902.99
2022-08-01,23331.4426969608,19912.35
2022-08-02,23031.4268834015,19920.57
2022-08-03,23324.0,19934.99
2022-08-04,22628.3320821157,19935.62
2022-08-05,23248.9715023378,19940.98
2022-08-06,22996.2750452952,19954.21
2022-08-07,23153.6584713618,20299.45
2022-08-08,23803.6505154296,20313.7
2022-08-09,23186.2917464641,20304.9
2022-08-10,23923.0584830508,20343.33
2022-08-11,23934.4390561075,20353.06
2022-08-12,24396.3088462887,20355.84
2022-08-13,24426.2225748101,20343.65
2022-08-14,24314.2021315021,20356.5
2022-08-15,24083.9539748685,20367.85
2022-08-16,23868.8193530099,20372.64
2022-08-17,23336.3489310345,20367.78
2022-08-18,23221.1706028638,20368.65
2022-08-19,20906.7663141438,20368.71
2022-08-20,21146.6548021625,20371.25
2022-08-21,21553.9961717125,20374.2
2022-08-22,21301.0840581531,20373.04
2022-08-23,21534.5143521333,20381.63
2022-08-24,21424.9728232028,20411.35
2022-08-25,21587.8395844535,20424.65
2022-08-26,20246.1655733489,20432.18
2022-08-27,20043.9909485681,20475.05
2022-08-28,19673.5412188778,20484.39
2022-08-29,20270.960383986,20496.98
2022-08-30,19825.4632066043,20491.12
2022-08-31,20024.6716059614,20508.6
2022-09-01,20105.4626072472,20605.77
2022-09-02,19948.8567472823,20610.3
2022-09-03,19803.8332697253,20622.79
2022-09-04,19961.9118907072,20659.46
2022-09-05,19797.7967884278,20667.26
2022-09-06,18846.150537405,20673.75
2022-09-07,19292.9070745178,20691.69
2022-09-08,19319.1248512566,20694.99
2022-09-09,21363.1894485681,20700.18
2022-09-10,21715.5972516072,20706.42
2022-09-11,21732.8643576856,20714.09
2022-09-12,22364.7235803624,20733.25
2022-09-13,20165.0421607247,20715.55
2022-09-14,20246.3660424313,20706.87
2022-09-15,19696.8698661601,20696.79
2022-09-16,19741.5776168907,20697.89
2022-09-17,20120.7023459965,20699.7
2022-09-18,19427.1002626534,20701.95
2022-09-19,19557.9769582116,20702.12
2022-09-20,18872.9498667446,20708.36
2022-09-21,18506.7607481005,20706.7
2022-09-22,19414.5396449445,20708.37
2022-09-23,19326.8648199883,20709.29
2022-09-24,18924.7677872589,20711.36
2022-09-25,18793.1561531268,20729.41
2022-09-26,19201.1317209234,20741.72
2022-09-27,19106.7389135009,20740.25
2022-09-28,19454.937210111,20774.5
2022-09-29,19540.8664105786,20829.62
2022-09-30,19435.1946917008,20825.77
2022-10-01,19311.861629398,20829.2
2022-10-02,19015.2928050847,20833.13
2022-10-03,19633.4325859147,20840.63
2022-10-04,20339.9712811221,20834.56
2022-10-05,20155.0996987142,20835.0
2022-10-06,19950.5477957335,20850.61
2022-10-07,19539.1439216832,20863.74
2022-10-08,19416.1772291058,20859.78
2022-10-09,19428.3671323787,20867.97
2022-10-10,19154.4042346581,20867.53
2022-10-11,19039.2820683811,20870.85
2022-10-12,19156.9115645821,20869.86
2022-10-13,19387.8336806546,20873.91
2022-10-14,19177.6941031561,20878.65
2022-10-15,19069.8749272355,20886.12
2022-10-16,19261.7497878434,20884.47
2022-10-17,19557.0218106371,20871.41
2022-10-18,19341.4075543542,20904.75
2022-10-19,19132.1544254822,20916.53
2022-10-20,19033.3760239626,20922.65
2022-10-21,19174.8763487434,20929.06
2022-10-22,19207.6285078901,20932.62
2022-10-23,19565.4123243717,20936.05
2022-10-24,19341.460210111,20932.92
2022-10-25,20094.9611215663,20941.85
2022-10-26,20797.0308258328,20927.83
2022-10-27,20280.1751280538,20929.78
2022-10-28,20604.6138535944,20932.72
2022-10-29,20803.8999205143,20927.99
2022-10-30,20616.7033766803,20930.85
2022-10-31,20490.8581808884,20927.21
2022-11-01,20483.966530976,20926.2
2022-11-02,20148.2845537697,20928.06
2022-11-03,20198.1111860316,20933.59
2022-11-04,21157.2449275278,20955.38
2022-11-05,21283.4715999416,20955.77
2022-11-06,20946.8030359439,20953.92
2022-11-07,20568.5651183518,20911.71
2022-11-08,18520.971163647,20899.23
2022-11-09,15758.2912819988,20878.32
2022-11-10,17541.5602866745,20859.02
2022-11-11,16916.8506312098,20848.5
2022-11-12,16771.2426718293,20810.24
2022-11-13,16320.4983375219,20813.42
2022-11-14,16629.4784146698,20803.32
2022-11-15,16855.59378609,20779.97
2022-11-16,16659.6063345996,20763.32
2022-11-17,16675.1790204559,20697.7
2022-11-18,16661.5229576271,20472.06
2022-11-19,16696.0040581531,20465.35
2022-11-20,16246.8446992987,20463.93
2022-11-21,15778.0174047341,20443.13
2022-11-22,16172.8893445354,20429.03
2022-11-23,16574.0617299825,20469.96
2022-11-24,16583.5243445354,20469.09
2022-11-25,16522.3887767388,20460.55
2022-11-26,16448.6413077148,20447.94
2022-11-27,16436.0707688486,20448.37
2022-11-28,16212.5814161309,20429.56
2022-11-29,16443.0368199883,20426.24
2022-11-30,17176.8986914085,20423.99
2022-12-01,16961.2918042081,20421.84
2022-12-02,17075.1091370544,20415.87
2022-12-03,16899.5073831093,20412.17
2022-12-04,17121.7149824664,20401.32
2022-12-05,16961.3517866745,20340.27
2022-12-06,17070.5158281707,20319.97
2022-12-07,16848.2518243717,20317.73
2022-12-08,17231.4563223261,20308.82
2022-12-09,17136.1490008767,20287.13
2022-12-10,17124.2146797195,20287.4
2022-12-11,17094.3606592636,20283.55
2022-12-12,17195.5249962011,20280.14
2022-12-13,17774.9166320865,20267.48
2022-12-14,17809.7240835769,20258.82
2022-12-15,17344.0544569258,20261.75
2022-12-16,16606.1101750438,20256.57
2022-12-17,16774.3853702513,20252.52
2022-12-18,16776.1159254822,20248.25
2022-12-19,16424.1313857393,20238.86
2022-12-20,16901.8169362946,20232.44
2022-12-21,16800.5329707773,20220.03
2022-12-22,16814.2225791935,20210.55
2022-12-23,16780.5169798363,20197.31
2022-12-24,16837.612170076,20194.07
2022-12-25,16824.8389736996,20184.37
2022-12-26,16879.9382273524,20188.37
2022-12-27,16698.9112708942,20184.58
2022-12-28,16536.2942001753,20161.49
2022-12-29,16630.5931551724,20162.9
2022-12-30,16593.6888287551,20158.45
2022-12-31,16524.2178024547,20115.09
2023-01-01,16606.7520432496,20135.46
2023-01-02,16688.7192729398,20134.66
2023-01-03,16670.0773836937,20128.89
2023-01-04,16848.3660391584,20118.82
2023-01-05,16824.8001826417,20116.82
2023-01-06,16957.8622738165,20112.77
2023-01-07,16917.49,20108.9
2023-01-08,17059.2399444769,20107.46
2023-01-09,17182.3198521333,20105.95
2023-01-10,17433.9146320865,20102.29
2023-01-11,17833.7107656341,20099.99
2023-01-12,18869.7044842198,20096.44
2023-01-13,19868.7247454705,20087.19
2023-01-14,21010.9227200468,20084.9
2023-01-15,20876.0085561075,20079.32
2023-01-16,21180.4119485681,20079.83
2023-01-17,21178.2993962595,20081.01
2023-01-18,20709.6686040327,20069.88
2023-01-19,21071.8334152542,20055.55
2023-01-20,22660.7169421391,20050.26
2023-01-21,22803.172761543,20045.42
2023-01-22,22716.2771966686,20045.46
2023-01-23,22929.0248936295,20037.48
2023-01-24,22611.1268787259,20034.91
2023-01-25,23109.0845189947,20031.09
2023-01-26,23008.6894766219,19983.5
2023-01-27,23070.4964582116,19952.16
2023-01-28,23008.8094649328,19951.39
2023-01-29,23774.9963679135,19949.4
2023-01-30,22799.427261543,19947.62
2023-01-31,23130.0519132087,19943.89
2023-02-01,23727.2026075395,19940.52
2023-02-02,23505.6048430742,19935.95
2023-02-03,23445.8131773816,19928.57
2023-02-04,23355.5243863238,19926.78
2023-02-05,22957.2251905319,19924.6
2023-02-06,22745.1650371128,19922.78
2023-02-07,23266.2692036821,19917.94
2023-02-08,22937.5799453536,19917.04
2023-02-09,21818.1989456458,19912.68
2023-02-10,21620.5667837522,19909.29
2023-02-11,21864.8626414378,19907.93
2023-02-12,21772.1373252484,19903.86
2023-02-13,21798.7157168323,19900.35
2023-02-14,22222.415043834,19898.01
2023-02-15,24304.6129827586,19892.5
2023-02-16,23742.4488354763,19889.84
2023-02-17,24607.3356054939,19885.42
2023-02-18,24636.5266127995,19884.01
2023-02-19,24366.9907606663,19882.58
2023-02-20,24797.8430359439,19880.39
2023-02-21,24400.3893898305,19875.92
2023-02-22,24163.7389812975,19862.4
2023-02-23,23910.0342104033,19860.66
2023-02-24,23175.8242036821,19848.7
2023-02-25,23159.8154403857,19847.14
2023-02-26,23542.0964281122,19845.9
2023-02-27,23504.1894178843,19842.88
2023-02-28,23145.9491277031,19817.57
2023-03-01,23610.6590902981,19788.85
2023-03-02,23470.0254815897,19783.54
2023-03-03,22350.0962340736,19780.91
2023-03-04,22334.2852638808,19781.0
2023-03-05,22419.8171390999,19762.64
2023-03-06,22414.7033056692,19756.59
2023-03-07,22174.6484725307,19664.66
2023-03-08,21701.3846227352,19662.97
2023-03-09,20349.8141732905,19658.7
2023-03-10,19951.37,19656.38
2023-03-17,27450.6282933957,19622.38
2023-03-18,26985.7359915254,19621.14
2023-03-19,28185.2043319696,19616.54
2023-03-20,27834.3361090006,19626.5
2023-03-21,28172.7950558153,19623.48
2023-03-22,27341.5571297487,19617.17
2023-03-23,28387.8897495617,19609.08
2023-03-24,27464.1249453536,19603.61
2023-03-25,27518.62,19598.22
2023-03-27,27154.9963702513,19588.96
2023-03-28,27283.9634029807,19582.95
2023-03-29,28389.2917784921,19578.11
2023-03-30,28021.5583009936,19070.29
2023-03-31,28514.6813062537,19063.92
2023-04-01,28494.5638863238,19061.06
2023-04-02,28161.9980362361,19058.76
2023-04-03,27850.9799436002,19056.76
2023-04-04,28113.9585187025,19043.79
2023-04-05,28190.3116063705,19027.08
2023-04-06,28049.0744763296,19006.71
2023-04-07,27936.8042609585,18990.34
2023-04-08,27964.0512498539,18990.01
2023-04-09,28357.8072703098,18992.34
2023-04-10,29687.5651846873,18982.02
2023-04-11,30247.0959193454,18958.11
2023-04-12,29913.0035463472,18930.47
2023-04-13,30370.82207218,18925.82
2023-04-14,30458.9700414962,18926.19
2023-04-15,30342.0591084161,18924.47
2023-04-16,30312.9308533022,18923.62
2023-04-17,29469.5050727645,18918.56
2023-04-18,30366.8723813559,18915.28
2023-04-19,28796.7440952659,18915.46
2023-04-20,28251.2763790181,18909.86
2023-04-21,27292.0211052016,18907.1
2023-04-22,27827.5475920514,18903.38
2023-04-23,27604.6855742256,18904.56
2023-04-24,27520.1996729982,18901.08
2023-04-25,28302.6942180012,18893.68
2023-04-26,28384.2340333139,18885.58
2023-04-27,29465.5514272355,18875.13
2023-04-28,29350.811886616,18871.77
2023-04-29,29221.5145075979,18869.83
2023-04-30,29362.0867974868,18865.04
2023-05-01,28114.9531873174,18856.29
2023-05-02,28690.5809959088,18851.98
2023-05-03,29045.0427735243,18847.98
2023-05-04,28855.8574465225,18844.08
2023-05-05,29552.9695236704,18840.22
2023-05-06,28899.4629602572,18837.6
2023-05-07,28761.738434249,18835.04
2023-05-08,27727.2854091175,18831.32
2023-05-09,27642.4281092928,18832.23
2023-05-10,27646.004902104,18828.39
2023-05-11,26986.271065751,18822.07
2023-05-12,26773.3443591467,18819.15
2023-05-13,26841.3982913501,18817.34
2023-05-14,26918.261597896,18816.95
2023-05-15,27231.6216052016,18830.58
2023-05-16,27025.7181864407,18829.95
2023-05-17,27401.0440610754,18826.07
2023-05-18,26843.2350938048,18821.97
2023-05-19,26889.503631502,18820.15
2023-05-20,27100.8582878434,18819.44
2023-05-21,26777.0977831677,18816.82
2023-05-22,26858.7370637054,18806.23
2023-05-23,27226.8558763881,18795.8
2023-05-24,26341.4306446522,18792.81
2023-05-25,26484.8359234366,18797.69
2023-05-26,26720.3838071303,18792.84
2023-05-27,26854.5403702513,18790.58
2023-05-28,28097.5211259497,18790.94
2023-05-29,27765.0728693746,18787.15
2023-05-30,27712.4915844535,18785.73
2023-05-31,27217.6832580362,18785.54
2023-06-01,26825.3713451198,18777.36
2023-06-02,27255.2279941555,18774.79
2023-06-03,27079.4084643483,18772.86
2023-06-04,27158.25456955,18771.67
2023-06-05,25785.8514842198,18760.29
2023-06-06,27213.7705187025,18758.19
2023-06-07,26339.5790292227,18753.24
2023-06-08,26521.693600526,18752.73
2023-06-09,26470.6775780245,18748.65
2023-06-10,25863.2138506721,18741.58
2023-06-11,25906.8281516657,18740.89
2023-06-12,25906.7519354179,18739.65
2023-06-13,25880.8599734074,18740.63
2023-06-14,25097.5853796026,18732.28
2023-06-15,25559.1433293396,18725.72
2023-06-16,26331.8200943892,18722.55
2023-06-17,26514.1713495032,18721.12
2023-06-18,26353.962682934,18721.87
2023-06-19,26778.0634415547,18719.97
2023-06-20,28305.4204573349,18691.23
2023-06-21,30099.5153509643,18674.35
2023-06-22,29952.5112866745,18671.89
2023-06-23,30638.3537644652,18661.7
2023-06-24,30549.0162872589,18663.74
2023-06-25,30467.4403705435,18665.96
2023-06-26,30255.8861241964,18664.8
2023-06-27,30656.2,18665.34
2023-06-28,30104.0432717709,18662.67
2023-06-29,30460.792978083,18632.88
2023-06-30,30484.503257744,18636.56
2023-07-01,30581.6889655172,18651.66
2023-07-02,30594.2164736996,18654.55
2023-07-03,31135.3575993571,18656.24
2023-07-04,30799.9474558738,18660.55
2023-07-05,30497.8221282876,18661.79
2023-07-06,29979.7298094681,18604.82
2023-07-07,30329.8829786674,18605.69
2023-07-08,30263.6196341321,18608.35
2023-07-09,30163.2210563998,18609.9
2023-07-10,30394.6555806546,18606.44
2023-07-11,30616.247094097,18609.46
2023-07-12,30385.6087852133,18615.68
2023-07-13,31434.7354704851,18598.43
2023-07-14,30310.6720204559,18602.05
2023-07-15,30290.8905958504,18604.84
2023-07-16,30249.7729658095,18605.47
2023-07-17,30143.7462744009,18588.78
2023-07-18,29835.7474076563,18589.71
2023-07-19,29913.0294646406,18588.3
2023-07-20,29805.6065707189,18587.08
2023-07-21,29919.6934921099,18570.65
2023-07-22,29726.0096271186,18573.37
2023-07-23,29882.43,18574.44
2023-07-26,29361.5917580362,18576.27
2023-07-27,29201.6865175336,18528.72
2023-07-28,29316.3130751023,18370.2
2023-07-29,29360.376179135,18375.17
2023-07-30,29262.8367337814,18378.72
2023-07-31,29219.8201887785,18374.0
2023-08-01,29499.5875385739,18375.91
2023-08-02,29143.1519620105,18366.66
2023-08-03,29192.3448617767,18370.12
2023-08-04,29057.2532437171,18372.97
2023-08-05,29053.0956975453,18377.21
2023-08-06,29048.0433275862,18382.88
2023-08-07,29164.3585873758,18386.94
2023-08-08,29779.511383986,18387.28
2023-08-09,29582.9442375804,18393.51
2023-08-10,29430.1599117475,18394.25
2023-08-11,29399.784739626,18399.14
2023-08-12,29415.733902104,18410.76
2023-08-13,29286.1176110462,18420.04
2023-08-14,29408.9717127411,18422.26
2023-08-15,29167.59721654,18424.51
2023-08-16,28754.2924079486,18425.98
2023-08-17,26660.5627264757,18419.32
2023-08-18,26037.3658474576,18407.22
2023-08-19,26093.981808007,18412.04
2023-08-20,26176.4721642315,18412.03
2023-08-21,26128.9050160725,18412.16
2023-08-22,25978.2096914085,18410.93
2023-08-23,26452.1935882525,18409.34
2023-08-24,26126.7943331385,18411.03
2023-08-25,26040.881255114,18411.13
2023-08-26,26006.1740800701,18414.09
2023-08-27,26086.3612594974,18425.28
2023-08-28,26103.2765730567,18427.19
2023-08-29,27672.2221306254,18405.53
2023-08-30,27298.997779661,18413.45
2023-08-31,25954.8665935126,18410.57
2023-09-01,25802.7885298071,18409.78
2023-09-02,25868.2960976037,18414.59
2023-09-03,25962.5475689655,18431.66
2023-09-04,25799.5256870251,18432.89
2023-09-05,25782.3622200468,18433.57
2023-09-06,25754.7902676797,18540.43
2023-09-07,26210.6045637054,18547.65
2023-09-08,25904.6982127411,18546.41
2023-09-09,25894.6205976037,18545.17
2023-09-10,25856.26,18548.92
2023-09-11,25135.0393781414,18550.01
2023-09-12,25859.7018068381,18555.88
2023-09-13,26226.8667524839,18566.64
2023-09-14,26556.056943308,18570.53
2023-09-15,26672.6160818235,18574.47
2023-09-16,26555.6361031561,18577.06
2023-09-17,26502.4321189363,18597.32
2023-09-18,26474.89,18612.74
2023-09-19,27215.0504848042,18637.38
2023-09-20,27133.4037235535,18644.69
2023-09-21,26571.5952919345,18665.98
2023-09-22,26581.1476116306,18673.4
2023-09-23,26575.776386616,18680.81
2023-09-24,26286.6410488019,18690.96
2023-09-25,26288.8095005845,18693.56
2023-09-26,26194.5378880772,18696.45
2023-09-27,26336.0825973115,18701.87
2023-09-28,27033.4254415546,18702.38
2023-09-29,26911.2514739918,18699.95
2023-09-30,26977.6933126826,18697.53
2023-10-01,27950.1453594389,18695.41
2023-10-02,27565.8892954413,18685.76
2023-10-03,27439.1422393337,18686.51
2023-10-04,27797.251176505,18685.56
2023-10-05,27426.3450926359,18685.24
2023-10-06,27941.9633760959,18693.43
2023-10-07,27972.7515704266,18701.62
2023-10-08,27936.3261157218,18706.22
2023-10-09,27591.3467618352,18720.52
2023-10-10,27419.7971803039,18725.33
2023-10-11,26828.1725710111,18717.15
2023-10-12,26741.3405990649,18717.58
2023-10-13,26842.4467703098,18755.15
2023-10-14,26861.9892375804,18792.72
2023-10-15,27130.3067092344,18802.03
2023-10-16,28506.7936741671,18808.1
2023-10-17,28433.2051522501,18805.64
2023-10-18,28328.0750195792,18804.07
2023-10-19,28690.358041204,18812.43
2023-10-20,29704.9853673291,18808.72
2023-10-21,29922.5464044418,18829.24
2023-10-22,29984.1593196961,18814.21
2023-10-23,32954.1690482174,18800.29
2023-10-24,33880.9566537113,18794.62
2023-10-25,34488.6589210988,18793.29
2023-10-26,34181.4922521917,18799.71
2023-10-27,33896.938528346,18802.07
2023-10-28,34091.5890327294,18806.13
2023-10-29,34574.3377206312,18812.6
2023-10-30,34495.1050207481,18817.81
2023-10-31,34636.4264736996,18819.47
2023-11-01,35431.9794532437,18833.18
2023-11-02,34882.9173366452,18841.92
2023-11-03,34708.2218804792,18849.98
2023-11-04,35091.0763062537,18858.04
2023-11-05,35105.0420265926,18868.15
2023-11-06,35017.7151484512,18930.31
2023-11-07,35418.4768901227,18931.79
2023-11-08,35797.8946090006,18934.92
2023-11-09,36675.3264333723,18894.42
2023-11-10,37367.4943722969,18889.15
2023-11-11,36979.9312405026,18886.3
2023-11-12,37053.3410514319,18887.1
2023-11-13,36543.2680870836,18888.46
2023-11-14,35590.6835645821,18888.65
2023-11-15,37840.5534894798,18886.06
2023-11-16,36160.4044509059,18890.4
2023-11-17,36569.7120534775,18894.5
2023-11-18,36577.4249617183,18894.8
2023-11-19,37442.7285119813,18897.85
2023-11-20,37516.0503708358,18902.51
2023-11-21,36035.0330862069,18901.63
2023-11-22,37403.0347168323,18900.75
2023-11-23,37311.7192156634,18899.87
2023-11-24,37718.7841630625,18903.34
2023-11-25,37800.1260932203,18906.81
2023-11-26,37482.7055260082,18961.84
2023-11-27,37229.2452197545,18971.44
2023-11-28,37828.4655911748,18981.05
2023-11-29,37846.8531227352,18975.46
2023-11-30,37712.7114789597,18969.88
2023-12-01,38703.5536820573,18970.6
2023-12-02,39462.2799272355,18979.59
2023-12-03,39978.2226104617,18988.58
2023-12-04,41910.2994815897,19025.64
2023-12-05,44067.0054763296,19057.02
2023-12-06,43745.8343907072,19050.35
2023-12-07,43282.6182261835,19043.69
2023-12-08,44205.0522089421,19057.19
2023-12-09,43740.0063927528,19070.7
2023-12-10,43732.7120900059,19074.44
2023-12-11,41209.8947904734,19072.33
2023-12-12,41467.2735698422,19079.83
2023-12-13,42939.0607583285,19114.54
2023-12-14,43033.1371560491,19117.33
2023-12-15,41978.0970195792,19109.74
2023-12-16,42203.2140450029,19131.69
2023-12-17,41428.6657855056,19127.31
2023-12-18,42635.7331911163,19137.31
2023-12-19,42271.863025716,19124.85
2023-12-20,43605.1555549386,19137.84
2023-12-21,43870.2382340736,19139.26
2023-12-22,44009.5016551724,19137.37
2023-12-23,43768.8067518995,19143.23
2023-12-24,43097.8093258329,19150.15
2023-12-25,43623.7504029807,19198.42
2023-12-26,42491.1229079486,19197.99
2023-12-27,43436.9594269433,19220.11
2023-12-28,42670.6797180012,19233.63
2023-12-29,41998.6033442431,19199.15
2023-12-30,42204.4917744009,19204.02
2023-12-31,42217.1587913501,19202.47
2024-01-01,44049.4735534775,19205.69
2024-01-02,44941.160493571,19197.94
2024-01-03,42773.6515423729,19223.69
2024-01-04,44250.7452670953,19155.6
2024-01-05,44146.3222022209,19164.05
2024-01-06,43917.9798147282,19167.93
2024-01-07,43844.195949737,19173.08
2024-01-08,46981.3242995324,19179.98
2024-01-09,46084.005795149,19179.47
2024-01-10,46818.1592764465,19188.65
2024-01-11,46380.8708082992,19196.13
2024-01-12,42817.4305356517,19190.27
2024-01-13,42846.9544699006,19194.15
2024-01-14,41888.1513068381,19198.67
2024-01-15,42528.9192489772,19200.24
2024-01-16,43171.4472241379,19243.73
2024-01-17,42689.304327294,19231.59
2024-01-18,41261.9076177674,19229.21
2024-01-19,41606.8535330216,19223.83
2024-01-20,41668.6904102864,19225.98
2024-01-21,41537.1123562244,19228.46
2024-01-22,39577.0998603156,19211.09
2024-01-23,39737.3143617767,19201.38
2024-01-24,40101.8568980129,19200.2
2024-01-25,39917.6611461134,19206.47
2024-01-26,41860.7310458796,19200.25
2024-01-27,42125.3014155465,19201.28
2024-01-28,41983.0202744009,19201.27
2024-01-29,43218.3470821157,19187.48
2024-01-30,42950.0541277031,19165.51
2024-01-31,42589.4708059614,19162.01
2024-02-01,43020.3596548802,19159.09
2024-02-02,43155.3852030976,19152.6
2024-02-03,42982.3789979544,19154.54
2024-02-04,42576.2913050847,19160.04
2024-02-05,42619.2742738165,19157.84
2024-02-06,43102.7062632963,19165.39
2024-02-07,44253.0314731151,19180.44
2024-02-08,45332.09157218,19189.19
2024-02-09,47176.9665137347,19184.86
2024-02-10,47792.8972156634,19184.03
2024-02-11,48200.7986057861,19183.64
2024-02-12,49989.80371654,19170.37
2024-02-13,49628.0941528346,19169.89
2024-02-14,51844.2929193454,19160.61
2024-02-15,51939.1472919345,19158.74
2024-02-16,52157.3123977206,19153.16
2024-02-17,51674.8158521333,19173.76
2024-02-18,52148.0645365283,19174.91
2024-02-19,51804.8051537113,19187.67
2024-02-20,52308.0531712449,19182.36
2024-02-21,51744.321808007,19166.14
2024-02-22,51292.3252574518,19170.98
2024-02-23,50789.1431759205,19154.21
2024-02-24,51578.2349164231,19155.04
2024-02-25,51746.4789669784,19159.9
2024-02-26,54551.8259184687,19157.0
2024-02-27,57049.888220339,19151.88
2024-02-28,62460.740619813,19122.14
2024-02-29,61394.7818515488,19147.19
2024-03-01,62524.401817066,19147.7
2024-03-02,62049.6145637054,19152.81
2024-03-03,62991.4422913501,19160.53
2024-03-04,68091.8388243717,19157.48
2024-03-05,63950.524329924,19111.03
2024-03-06,66103.7215400351,19048.53
2024-03-07,67070.3791484512,19055.92
2024-03-08,68343.7149552893,19035.04
2024-03-09,68502.5053392753,19039.43
2024-03-10,68882.2513395675,19042.31
2024-03-11,72198.0875341905,19027.65
2024-03-12,71432.7283018702,19023.11
2024-03-13,73081.5759053185,19030.25
2024-03-14,71505.2729076563,19035.86
2024-03-15,69424.9141753361,19037.38
2024-03-16,65433.6819006429,19047.48
2024-03-17,68285.0891691993,19061.4
2024-03-18,67770.8865245471,19094.29
2024-03-19,61969.3075394506,19080.31
2024-03-20,67848.1076396844,19066.2
2024-03-21,65454.7357232612,19041.15
2024-03-22,63486.4849997078,19053.77
2024-03-23,64361.2429047341,19109.41
2024-03-24,67289.5658310929,19112.33
2024-03-25,70042.0204237288,19110.45
2024-03-26,70071.0472144945,19109.92
2024-03-27,69267.8879815897,19107.0
2024-03-28,70826.8968714202,19108.04
2024-03-29,69917.0430070134,19110.21
2024-03-30,69663.0119073641,19120.27
2024-03-31,71227.4517939801,19149.65
2024-04-01,69791.6277305669,19178.14
2024-04-02,65533.7548351841,19176.59
2024-04-03,66130.2162393337,19183.43
2024-04-04,68438.135024547,19188.83
2024-04-05,67904.9094766219,19188.32
2024-04-06,69136.0710783168,19192.05
2024-04-07,69392.6830108124,19202.8
2024-04-08,71712.7972840444,19207.7
2024-04-09,69074.5418638223,19212.65
2024-04-10,70579.4456767972,19220.79
2024-04-11,70046.5536057861,19219.52
2024-04-12,67098.113691993,19223.58
2024-04-13,64551.6482875512,19232.42
2024-04-14,65648.8099602572,19235.18
2024-04-15,63393.325166277,19239.07
2024-04-16,63784.8203340152,19250.9
2024-04-17,61324.2184286967,19262.2
2024-04-18,63510.14500263,19250.72
2024-04-19,63762.6310300994,19244.05
2024-04-20,64907.9928366452,19254.1
2024-04-21,64968.192619813,19261.33
2024-04-22,66944.5960911748,19265.75
2024-04-23,66385.3002919345,19340.54
2024-04-24,64189.9679064874,19294.88
2024-04-25,64515.3874725307,19296.7
2024-04-26,63777.4715002922,19294.07
2024-04-27,63429.3099649328,19306.11
2024-04-28,62978.5770049678,19323.6
2024-04-29,63908.3888766803,19331.25
2024-04-30,60636.3261633548,19340.42
2024-05-01,58141.7772799532,19343.31
2024-05-02,59170.1088936295,19361.07
2024-05-03,62983.6554783752,19360.66
2024-05-04,63881.1305429573,19373.69
2024-05-05,64067.5959918177,19382.3
2024-05-06,63228.1031341321,19394.19
2024-05-07,62396.999720339,19405.4
2024-05-08,61079.27442782,19434.08
2024-05-09,62998.4903381064,19445.22
2024-05-10,60896.6418880772,19467.09
2024-05-11,60843.5729240211,19480.48
2024-05-12,61431.2746879018,19501.74
2024-05-13,62886.9394491526,19518.06
2024-05-14,61555.5670046756,19566.95
2024-05-15,66281.5322542373,19618.75
2024-05-16,65269.2603246639,19638.07
2024-05-17,66956.4409476914,19659.27
2024-05-18,66977.6006914085,19675.82
2024-05-19,66259.4704260666,19701.8
2024-05-20,71202.2025902981,19737.82
2024-05-21,70217.2546914085,19745.93
2024-05-22,69074.9141350088,19780.46
2024-05-23,67758.7306586791,19773.04
2024-05-24,68608.998279661,19760.13
2024-05-25,69282.7925976037,19752.01
2024-05-26,68445.0069532437,19757.2
2024-05-27,69347.815260374,19755.47
2024-05-28,68342.8204488603,19933.37
2024-05-29,67584.2632402104,19928.75
2024-05-30,68375.4760260082,19907.78
2024-05-31,67377.7626122151,19916.12
2024-06-01,67714.3526399766,19918.63
2024-06-02,67805.4855742256,19933.6
2024-06-03,68833.3028351841,19928.56
2024-06-04,70554.0894330801,19923.67
2024-06-05,71087.4433158971,19932.76
2024-06-06,70788.5013755114,20034.37
2024-06-07,69338.1573240795,20036.83
2024-06-08,69310.1092618352,20040.74
2024-06-09,69644.0190894214,20059.79
2024-06-10,69465.9362478083,20084.97
2024-06-11,67368.263506429,20104.73
2024-06-12,68213.8346838106,20397.09
2024-06-13,66783.4902767388,20405.36
2024-06-14,65982.1865195792,20423.78
2024-06-15,66204.904308007,20460.12
2024-06-16,66622.5999336645,20480.88
2024-06-17,66483.8785260082,20506.11
2024-06-18,65112.1230020456,20500.4
2024-06-19,64878.7141525424,20514.84
2024-06-20,64897.7011542957,20526.73
2024-06-21,64086.0489228521,20546.06
2024-06-22,64258.135506429,20551.33
2024-06-23,63345.0218760959,20570.12
2024-06-24,60258.9554374635,20604.09
2024-06-25,61739.6658477498,20595.33
2024-06-26,60794.4760584454,20626.89
2024-06-27,61569.9234275278,20619.28
2024-06-28,60303.3147364115,20637.48
2024-06-29,60889.3298430742,20643.21
2024-06-30,62763.2796861485,20663.34
2024-07-01,62835.3997647575,20721.01
2024-07-02,62028.6170385739,20743.54
2024-07-03,60216.3920859147,20806.73
2024-07-04,57418.2420213326,20758.32
2024-07-05,56720.9881256575,20757.77
2024-07-06,58259.221773232,20785.85
2024-07-07,56112.5725587376,20811.44
2024-07-08,56691.9149061952,20848.66
2024-07-09,57981.4320967271,20881.31
2024-07-10,57722.0113527177,20933.3
2024-07-11,57307.712738457,20980.71
2024-07-12,57859.1202819988,21016.87
2024-07-13,59329.0372016365,21087.45
2024-07-14,61015.0339412624,21159.37
2024-07-15,64734.7611697837,21246.71
2024-07-16,65118.8266583869,21317.95
2024-07-17,64201.3707805377,21353.77
2024-07-18,63984.3022022209,21385.18
2024-07-19,66755.7833828171,21428.33
2024-07-20,67185.4978112215,21478.28
2024-07-21,68056.6201215663,21540.88
2024-07-22,67535.1976738749,21596.44
2024-07-23,65916.4081616014,21697.62
2024-07-24,65353.3857784921,21751.97
2024-07-25,65722.0611917007,21755.94
2024-07-26,67912.2433091759,21777.57
2024-07-27,68077.3730812391,21787.76
2024-07-28,68170.6691309176,21823.89
2024-07-29,66867.167277031,21817.57
2024-07-30,66186.9146861484,21734.49
2024-07-31,64690.6340385739,21742.2
2024-08-01,65178.0554891876,21721.16
2024-08-02,61506.7698877849,21685.24
2024-08-03,60688.2444272355,21675.6
2024-08-04,58306.2644786675,21678.62
2024-08-05,54343.6276773816,21728.3
2024-08-06,56047.4712866744,22090.83
2024-08-07,55129.7410376973,22177.37
2024-08-08,61908.7896724138,22214.69
2024-08-09,60720.9407594974,22183.96
2024-08-10,60871.5550727645,22191.59
2024-08-11,58836.1043722969,22259.56
2024-08-12,59394.1629538282,22427.55
2024-08-13,60536.2457846289,22697.4
2024-08-14,58840.6466797195,22794.28
2024-08-15,57644.1876879018,22883.67
2024-08-16,58927.2765087668,22889.85
2024-08-17,59414.6743351841,22928.04
2024-08-18,58793.2061458212,23213.35
2024-08-19,59411.5190169492,23277.7
2024-08-20,59123.3002662186,23502.34
2024-08-21,61133.0256493279,23633.57
2024-08-22,60394.4737749854,23695.45
2024-08-23,64106.8029152543,23689.07
2024-08-24,64023.226703682,23726.0
2024-08-25,64498.0183413209,23763.38
2024-08-26,62983.4427729398,23763.93
2024-08-27,59548.0076215663,23525.87
2024-08-28,59100.7747548217,23584.72
2024-08-29,59339.7909947399,23628.21
2024-08-30,59142.9399640561,23852.95
2024-08-31,58959.926273232,23922.4
2024-09-01,57349.0807180012,23981.83
2024-09-02,59159.0238877849,24050.75
2024-09-03,57637.7754444769,24114.06
2024-09-04,58033.3989704851,24155.92
2024-09-05,56112.9529400935,24197.21
2024-09-06,53838.9534623028,24258.61
2024-09-07,54066.4399248977,24275.23
2024-09-08,54859.2584082408,24301.3
2024-09-09,57135.7814371712,24337.81
2024-09-10,57664.4998214494,24373.9
2024-09-11,57409.1950663355,24413.02
2024-09-12,58124.6418065459,24406.35
2024-09-13,60536.8814503215,24424.85
2024-09-14,60007.1702507306,24446.44
2024-09-15,59129.9197536528,24487.89
2024-09-16,58227.46421654,24503.96
2024-09-17,60238.2177255991,24541.62
2024-09-18,61306.2337317358,24537.28
2024-09-19,62994.6096528346,24809.77
2024-09-20,63153.9518270018,24804.56
2024-09-21,63367.7296078317,24813.42
2024-09-22,63571.9521729983,24840.98
2024-09-23,63336.0126347165,24829.65
2024-09-24,64342.7891113384,24843.27
2024-09-25,63059.6269167154,24840.88
2024-09-26,65057.7861461134,24865.75
2024-09-27,65767.7132542373,24870.75
2024-09-28,65770.5276478667,24893.06
2024-09-29,65617.7610689655,24923.98
2024-09-30,63260.0425482174,24937.51
2024-10-01,60858.2487086499,25146.12
2024-10-02,60686.0993135593,25159.48
2024-10-03,60765.2367498539,25172.87
2024-10-04,62052.5100496785,25184.88
2024-10-05,62030.4538977206,25217.21
2024-10-06,62789.8814555815,25245.54
2024-10-07,62416.508829924,25256.27
2024-10-08,62126.3273769725,25150.87
2024-10-09,60615.2581917008,25129.75
2024-10-10,60221.1172869667,25107.66
2024-10-11,62462.539962595,25065.56
2024-10-12,63202.8806992987,25072.9
2024-10-13,62759.431113384,25086.23
2024-10-14,66089.7587410871,25081.08
2024-10-15,66933.974833723,25080.32
2024-10-16,67662.9534038574,25077.54
2024-10-17,67337.9075482174,25085.45
2024-10-18,68390.5375625365,25091.42
2024-10-19,68357.8982963179,25102.56
2024-10-20,69012.3532089421,25095.11
2024-10-21,67440.4625058445,25165.5
2024-10-22,67425.7553211572,25186.88
2024-10-23,66647.2866642315,25205.62
2024-10-24,68130.9948369374,25237.1
2024-10-25,66261.5376861485,25255.35
2024-10-26,67023.3399611338,25277.99
2024-10-27,68000.1475008767,25321.58
2024-10-28,69862.5205470485,25369.35
2024-10-29,72678.7866201052,25391.94
2024-10-30,72450.2843819404,25421.55
2024-10-31,70367.0819576271,25442.44
2024-11-01,69483.5830303916,25441.42
2024-11-02,69241.6794865576,25454.67
2024-11-03,68742.7546227352,25475.52
2024-11-04,67779.0969795441,25485.4
2024-11-05,69538.0241729982,25490.17
2024-11-06,75696.0366192285,25473.95
2024-11-07,75972.2955546464,25470.89
2024-11-08,76507.4474012273,25473.54
2024-11-09,76799.2527469316,25470.68
2024-11-10,80409.2865666277,25501.86
2024-11-11,88859.998448568,25489.71
2024-11-12,88048.7488877849,25496.79
2024-11-13,90369.3819693162,25508.46
2024-11-14,87204.2569827586,25385.05
2024-11-15,91139.0844427236,25401.95
2024-11-16,90567.6957568673,25403.12
2024-11-17,89732.9704292811,25427.27
2024-11-18,90587.6965534775,25420.15
2024-11-19,92254.1385800701,25143.27
2024-11-20,94160.0406858562,25154.83
2024-11-21,98545.5688798948,25076.99
2024-11-22,98938.3495450029,24986.7
2024-11-23,97707.0484590883,25017.76
2024-11-24,97980.2082819988,25167.31
2024-11-25,93343.0290745178,25162.72
2024-11-26,91875.5699593805,25158.27
2024-11-27,95989.0802273524,25165.08
2024-11-28,95737.9402822911,25197.42
2024-11-29,97398.9417399182,25308.44
2024-11-30,96463.6248980129,25321.91
2024-12-01,97469.6044529515,25353.29
2024-12-02,95726.4417258913,25376.42
2024-12-03,96010.8774228521,25407.38
2024-12-04,98920.2528255406,25518.43
2024-12-05,96949.6644117475,25293.42
2024-12-06,99953.1056580947,25192.91
2024-12-07,99977.7002282291,25213.32
2024-12-08,100798.98356429,25252.55
2024-12-09,97390.1988597311,25172.25
2024-12-10,96835.5017387493,25161.54
2024-12-11,101310.201899766,25165.1
2024-12-12,100090.890479544,25260.28
2024-12-13,101289.823976914,25246.56
2024-12-14,101366.87166803,25260.33
2024-12-15,104551.367141146,25222.82
2024-12-16,105855.672229982,25240.99
2024-12-17,106115.910582992,25138.3
2024-12-18,100469.770656926,25138.34
2024-12-19,97697.045779661,25020.84
2024-12-20,97617.4422051432,25014.19
2024-12-21,97093.0190832846,25014.25
2024-12-22,95149.1058252484,25021.44
2024-12-23,94800.7562060199,24924.23
2024-12-24,98637.7330543542,24931.14
2024-12-25,99235.3678869082,24941.03
2024-12-26,95628.3030902981,24990.35
2024-12-27,94219.9821461134,24999.05
2024-12-28,95123.5811098773,25015.97
2024-12-29,93457.5783202806,25029.11
2024-12-30,92523.163085038,25056.53
2024-12-31,93389.7326016949,25059.01
2025-01-01,94455.7965718878,25082.14
2025-01-02,96851.393682934,25107.68
2025-01-03,98120.6846759205,25126.39
2025-01-04,98230.0478571011,25276.12
2025-01-05,98414.8120964348,25292.22
2025-01-06,102179.560366745,25321.29
2025-01-07,96974.9957857978,25394.18
2025-01-08,95039.2809210988,25415.08
2025-01-09,92346.1691589714,25423.25
2025-01-10,94759.1196358854,25432.24
2025-01-11,94606.5080099357,25446.01
2025-01-12,94353.7752586207,25500.48
2025-01-13,94375.7299102864,25532.98
2025-01-14,96569.475726768,25583.57
2025-01-15,100172.405985096,25598.87
2025-01-16,99977.7298234951,25606.41
2025-01-17,104296.588034191,25621.38
2025-01-18,104398.156261251,25633.69
2025-01-19,100954.572281999,25639.62
2025-01-20,102588.998699006,25627.06
2025-01-21,105987.888705435,25613.45
2025-01-22,103791.128861485,25624.25
2025-01-23,104184.616743717,25651.32
2025-01-24,104716.12488194,25644.07
2025-01-25,104866.085348919,25657.1
2025-01-26,102833.369273232,25671.86
2025-01-27,101907.44629661,25678.7
2025-01-28,101138.144066043,25692.56
2025-01-29,103918.795458796,25708.52
2025-01-30,104987.446410871,25698.74
2025-01-31,102263.043670953,25714.95
2025-02-01,100610.290439801,25731.06
2025-02-02,97424.7809000584,25750.63
2025-02-03,101582.408702221,25848.37
2025-02-04,97848.1497592051,25849.79
2025-02-05,97599.99,25889.41
2025-02-06,96541.3006811806,25908.4
2025-02-07,96384.1109836353,25899.26
2025-02-08,96603.318157218,25897.99
2025-02-09,96309.7532405026,25957.85
2025-02-10,97375.2253535944,25997.96
2025-02-11,95806.2580385739,26032.7
2025-02-12,97756.4976548802,26053.96
2025-02-13,96534.7406332554,26079.57
2025-02-14,97414.3589821742,26068.07
2025-02-15,97583.2431767972,26086.37
2025-02-16,96182.2661706604,26117.37
2025-02-17,95790.5109985389,26150.19
2025-02-18,95444.031886616,26180.14
2025-02-19,96647.9132977791,26226.49
2025-02-20,98392.2197247224,26368.36
2025-02-21,96048.9937247224,26364.84
2025-02-22,96605.7091057861,26344.38
2025-02-23,96091.6329774985,26462.29
2025-02-24,91869.6543430742,26502.45
2025-02-25,88769.7356265342,26546.44
2025-02-26,83987.89564173,26534.77
2025-02-27,84625.4191364699,26506.88
2025-02-28,84243.7779114553,26459.46
2025-03-01,85844.3685628288,26444.85
2025-03-02,94328.0094444769,26452.15
2025-03-03,86315.9305511397,26465.06
2025-03-04,87323.690650789,26478.63
2025-03-05,90619.4090976038,26459.97
2025-03-06,90222.0693275862,26430.04
2025-03-07,86553.5921937464,26447.51
2025-03-08,86171.2789362946,26444.41
2025-03-09,80647.7964108709,26447.12
2025-03-10,79005.9601291642,26446.87
2025-03-11,82747.1601917008,26402.79
2025-03-12,83630.1581101695,26357.2
2025-03-13,81110.2890490941,26343.9
2025-03-14,84105.8335517241,26352.46
2025-03-15,84352.8773018703,26376.91
2025-03-16,82492.1028287551,26431.33
2025-03-17,84013.947518118,26736.52
2025-03-18,82680.8065514319,26899.14
2025-03-19,86774.23507218,26984.17
2025-03-20,84124.9712878434,27143.21
2025-03-21,84069.4081800117,27191.73
2025-03-22,83821.220305377,27238.93
2025-03-23,85760.8814506137,27308.94
2025-03-24,87322.5718568089,27377.83
2025-03-25,87422.8426084161,27424.66
2025-03-26,86836.6760955582,27485.81
2025-03-27,87211.3240169492,27537.86
2025-03-28,84309.0783550555,27595.43
2025-03-29,82497.1792472238,27636.38
2025-03-30,82216.4666765049,27698.52
2025-03-31,82461.4496279953,27771.04
2025-04-01,85226.7137936879,27819.68
2025-04-02,82555.631296318,27822.39
2025-04-03,82931.697399474,27918.54
2025-04-04,83774.1797375804,27941.89
2025-04-05,83302.1715756867,27988.9
2025-04-06,77949.0884926943,28039.72
2025-04-07,79421.8044105786,28080.22
2025-04-08,76351.4295303916,28143.03
2025-04-09,82720.6034891876,28188.86
2025-04-10,79558.9558252484,28245.4
2025-04-11,83359.8995157802,28307.5
2025-04-12,85269.2495119813,28359.15
2025-04-13,83568.9544360023,28409.33
2025-04-14,84589.0324135009,28470.68
2025-04-15,83671.3439713618,28314.58
2025-04-16,84151.5357562829,28375.15
2025-04-17,84940.5838538866,28463.77
2025-04-18,84434.7727463472,28531.7
2025-04-19,85124.721496201,28637.84
2025-04-20,85101.7461545879,28779.7
2025-04-21,87360.7198933372,29129.33
2025-04-22,93495.6106890707,29332.52
2025-04-23,93695.7404772063,29581.95
2025-04-24,93849.8817790766,29697.3
2025-04-25,94771.4128007014,29732.08
2025-04-26,94694.5111014027,29777.18
2025-04-27,93812.876534775,29835.79
2025-04-28,95066.0211867329,29853.02
2025-04-29,94102.8403024547,29895.47
2025-04-30,94236.7325143191,29984.7
2025-05-01,96411.7422635885,30136.55
2025-05-02,96842.1021057861,30179.48
2025-05-03,95943.61135301,30218.19
2025-05-04,94377.7899196376,30410.85
2025-05-05,94853.7298594389,30502.43
2025-05-06,96677.9245029223,30461.06
2025-05-07,97137.3757086499,30409.5
2025-05-08,103069.539295733,30373.78
2025-05-09,102940.802949445,30338.57
2025-05-10,104582.821806254,30333.63
2025-05-11,103976.137798948,30371.8
2025-05-12,102920.074689071,30381.96
2025-05-13,104145.711825248,30415.07
2025-05-14,103572.719642022,30994.05
2025-05-15,103716.283947399,31677.33
2025-05-16,103566.269191116,31700.65
2025-05-17,103190.041364991,31740.05
2025-05-18,106015.689848919,32304.46
2025-05-19,105615.828960257,32710.77
2025-05-20,106893.330247516,32900.82
2025-05-21,109704.855619521,33188.61
2025-05-22,111477.014787843,33308.7
2025-05-23,107291.888969901,33389.11
2025-05-24,107917.328289304,33493.99
2025-05-25,108914.876558445,33703.06
2025-05-26,109371.985172122,34017.98
2025-05-27,109066.345636762,34117.08
2025-05-28,107895.402399474,34168.0
2025-05-29,105732.957892168,34250.93
2025-05-30,103981.302957919,34361.05
2025-05-31,104708.964150205,34420.1
2025-06-01,105750.15972443,34510.23
2025-06-02,105899.696926651,34518.87
2025-06-03,105483.98555114,34520.5
2025-06-04,104782.844900351,34544.05
2025-06-05,101669.190496785,34589.32
2025-06-06,104421.051549094,34583.94
2025-06-07,105685.250402104,34653.43
2025-06-08,105727.739632379,34835.79
2025-06-09,110198.15871391,34947.47
2025-06-10,110074.119081824,34949.08
2025-06-11,108645.785558153,34926.45
2025-06-12,105998.985830801,34960.13
2025-06-13,106024.822087376,34994.57
2025-06-14,105467.108742256,35012.4
2025-06-15,105512.797437756,35052.62
2025-06-16,107243.933345997,35068.48
2025-06-17,104628.396527469,35208.66
2025-06-18,104813.367028638,35213.52
2025-06-19,104709.720767095,35414.32
2025-06-20,103274.958839567,35467.6
2025-06-21,101548.196381648,35715.09
2025-06-22,100899.234151958,35728.66
2025-06-23,105496.947495324,35772.51
2025-06-24,105964.065136762,35831.29
2025-06-25,107305.065199591,35846.82
2025-06-26,107012.822824079,35875.66
2025-06-27,107090.95905114,35918.36
2025-06-28,107357.617171245,35940.72
2025-06-29,108360.901696376,36002.54
2025-06-30,107153.101135885,36045.02
2025-07-01,105566.356597896,36114.31
2025-07-02,108927.13451841,36159.52
2025-07-03,109632.159126826,36219.02
2025-07-04,108081.395758621,36405.88
2025-07-05,108244.788813852,36426.29
2025-07-06,109180.005545587,36503.93
2025-07-07,108249.401004091,36518.61
2025-07-08,108956.631703098,36537.69
2025-07-09,111416.806720047,36592.24
2025-07-10,115873.903783752,36628.43
2025-07-11,117618.605087084,36585.94
2025-07-12,117382.372540912,36624.59
2025-07-13,118899.737107832,36796.81
2025-07-14,119871.096197838,36856.29
2025-07-15,117710.89100789,36995.05
2025-07-16,118730.187791642,36634.59
2025-07-17,119501.663770894,36564.63
2025-07-18,117958.511213033,36562.21
2025-07-19,117908.52473232,36603.63
2025-07-20,117305.680953828,36639.9
2025-07-21,117432.435634717,36537.5
2025-07-22,120068.00578872,36565.99
2025-07-23,118650.587165693,36622.1
2025-07-24,118377.081936879,36646.02
2025-07-25,117520.17335038,36667.15
2025-07-26,117983.204598773,36699.46
2025-07-27,119438.164235535,36721.72
2025-07-28,118022.637320281,36748.43
2025-07-29,117871.370895383,36829.39
2025-07-30,117732.643660725,36839.75
2025-07-31,115848.339985096,36787.38
2025-08-01,113282.144336061,36789.0
2025-08-02,112545.673659264,36783.1
2025-08-03,114263.693947691,36825.17
2025-08-04,115199.933659264,36850.91
2025-08-05,114111.36101841,36989.2
2025-08-06,115034.678748977,37003.69
2025-08-07,117444.913924313,37117.8
2025-08-08,116740.687720923,37058.78
2025-08-09,116511.655739375,37075.22
2025-08-10,119189.198160275,37100.84
2025-08-11,118742.043048644,37120.96
2025-08-12,120154.32493507,37117.61
2025-08-13,123442.67982225,37103.23
2025-08-14,118510.27128083,37079.45
2025-08-15,117311.209947715,37034.23
2025-08-16,117462.42684623,37062.88
2025-08-17,117601.952231888,37138.27
2025-08-18,116312.914397989,37276.2
2025-08-19,112886.10147543,37352.38
2025-08-20,114277.320860316,36703.25
2025-08-21,112347.102298302,36683.65
2025-08-22,116800.977035073,36619.16
2025-08-23,115280.444723834,36612.5
2025-08-24,113516.122474401,36650.44
2025-08-25,110089.533314144,36650.47
2025-08-26,111895.295495307,36610.8
2025-08-27,111252.307236061,36593.91
2025-08-28,112481.152904109,36600.72
2025-08-29,108473.330441642,36450.11
2025-08-30,108746.150824851,36435.14
2025-08-31,108316.44689481,36502.75
2025-09-01,108992.324614863,36450.41
2025-09-02,111140.947159836,36452.26
2025-09-03,111780.743587376,36434.19
2025-09-04,110900.633412981,36423.44
2025-09-05,110711.229484804,36439.86
2025-09-06,110243.650741672,36478.83
2025-09-07,111307.784421087,36526.59
2025-09-08,112112.311575102,36519.37
2025-09-09,111486.396779836,36515.69
2025-09-10,113930.748423437,36524.08
2025-09-11,115445.812932648,36507.01
2025-09-12,116149.174031958,36497.28
2025-09-13,115965.627551268,36515.79
2025-09-14,115395.933423437,36557.69
2025-09-15,115420.931814144,36564.51
2025-09-16,116798.874620164,36526.53
2025-09-17,116575.777628866,36515.39
2025-09-18,117014.426762174,36479.16
2025-09-19,115612.372541695,36466.91
2025-09-20,115753.165960549,36496.42
2025-09-21,115320.858829047,36503.0
2025-09-22,112727.70773813,36506.16
2025-09-23,112052.393282022,36469.98
2025-09-24,113324.623592192,36480.79
2025-09-25,109166.347974874,36502.31
2025-09-26,109669.102166861,37601.86
2025-09-27,109644.73069287,37588.89
2025-09-28,112170.00778609,37634.25
2025-09-29,114341.141435418,37725.45
2025-09-30,113971.742796902,37598.11
2025-10-01,118393.270386324,37588.75
2025-10-02,120558.594007013,37557.75
2025-10-03,122348.127640269,37496.13
2025-10-04,122379.744317651,37487.57
2025-10-05,123523.768313852,37561.64
2025-10-06,124824.453666861,37654.2
2025-10-07,121587.699236704,37659.47
2025-10-08,123390.353094682,37708.29
2025-10-09,121603.33278609,38072.58
2025-10-10,113754.852328171,38045.59
2025-10-11,110940.113648159,38101.96
2025-10-12,115152.917045003,38146.46
2025-10-13,115332.252929573,38206.79
2025-10-14,113327.079410286,37890.93
2025-10-15,110862.872485389,37883.12
2025-10-16,108135.049605786,37899.8
2025-10-17,106625.668651373,37838.08
2025-10-18,107143.913935126,37811.7
2025-10-19,108706.663763881,37860.23
2025-10-20,110640.249515488,37890.16
2025-10-21,108700.382071888,37907.24
2025-10-22,107667.630188486,37927.94
2025-10-23,110060.936797195,38004.8
2025-10-24,111024.94314699,37974.83
2025-10-25,111614.535857686,37965.75
2025-10-26,114557.100460549,38061.94
2025-10-27,114087.773805085,38183.46
2025-10-28,112980.685846289,38242.4
2025-10-29,110206.347983051,38300.64
2025-10-30,108019.723841905,38401.22
2025-10-31,109554.239627703,38375.38
2025-11-01,110005.295855348,38463.89
2025-11-02,110389.168627119,38522.55
2025-11-03,106495.802789889,38632.67
2025-11-04,101349.73723232,38612.76
2025-11-05,103915.88479135,38599.6
2025-11-06,101241.573677966,38587.68
2025-11-07,103428.471746932,38562.23
2025-11-08,102335.021439217,38575.03
2025-11-09,104685.54544097,38675.89
2025-11-10,106082.478156926,38753.79
2025-11-11,102974.405611631,38700.72
2025-11-12,101682.126652835,38703.78
2025-11-13,100035.310145237,38692.11
2025-11-14,94502.5476025716,38600.32
2025-11-15,95541.3158389831,38649.23
2025-11-16,94182.3130996493,38685.55
2025-11-17,91911.4713471654,38724.47
2025-11-18,92836.4419111631,38597.38
2025-11-19,91320.4811332554,38567.81
2025-11-20,86911.2980590298,38571.12
2025-11-21,84948.0463205727,38546.07
2025-11-22,84775.0015452952,37231.74
2025-11-23,86872.4546630625,37199.3
2025-11-24,88377.6024421391,37294.91
2025-11-25,87434.550610754,37348.97
2025-11-26,90449.2770675044,37533.71
2025-11-27,91336.2000452952,37619.4
2025-11-28,90990.1266104617,37625.55
2025-11-29,90842.0738243717,37688.32
2025-11-30,90607.7021513735,37780.18
2025-12-01,86504.6368156049,37836.11
2025-12-02,91528.0245809468,37902.25
2025-12-03,93609.0938658679,37893.52
2025-12-04,92205.5929544126,37963.74
2025-12-05,89279.8344634717,37965.36
2025-12-06,89169.5570610754,37985.53
2025-12-07,90067.847399474,38139.75
2025-12-08,90673.1444436003,38077.48
2025-12-09,92808.8518477498,38111.07
2025-12-10,92102.9300917592,38061.01
2025-12-11,92623.7198708358,38063.85
2025-12-12,90331.6083091759,38034.63
2025-12-13,90245.267264173,38033.89
2025-12-14,88096.3826142607,38075.52
2025-12-15,86352.5802565751,38125.83
2025-12-16,87752.4290336061,38093.15
2025-12-17,86059.5522241379,38044.6
2025-12-18,85434.1928673291,38184.69
2025-12-19,88168.0738325541,38139.73
2025-12-20,88292.4536373466,37995.97
2025-12-21,88533.4309830508,38132.65
2025-12-22,88474.4622331969,38222.59
2025-12-23,87365.9937872589,38365.79
2025-12-24,87625.6707895967,38493.8
2025-12-25,87231.3047685564,38617.13
2025-12-26,87334.8077808299,38611.03
2025-12-27,87695.4159076564,38626.19
2025-12-28,87747.6491548802,38644.53
2025-12-29,87133.5103991818,36981.26
2025-12-30,88428.4922735243,37474.76
2025-12-31,87516.9780376972,37379.76
2026-01-01,88684.2178474576,37238.4
2026-01-02,89940.1801671537,37483.72
2026-01-03,90598.1301832262,37557.83
2026-01-04,91359.7636823495,37580.1
2026-01-05,93948.5821794272,37629.25
2026-01-06,93574.2871122151,37689.67
2026-01-07,91208.9562606663,37642.68
2026-01-08,91096.9161554647,37463.49
2026-01-09,90539.6032288136,37843.84
2026-01-10,90406.1424114553,37898.06
2026-01-11,90717.2063153127,37929.51
2026-01-12,91141.1498489188,37892.53
2026-01-13,95304.4982942724,37899.4
2026-01-14,97043.9927258913,37952.22
2026-01-15,95546.1397381648,38017.92
2026-01-16,95489.1299602572,38303.78
2026-01-17,95106.980462595,38431.2
2026-01-18,94261.3294313267,38249.16
2026-01-19,92526.2419643483,38523.72
2026-01-20,88236.5631922852,38466.62
2026-01-21,89599.361874927,38665.25
2026-01-22,89395.700735827,38684.15
2026-01-23,89439.7718909994,38859.19
2026-01-24,89185.0386990064,38911.71
2026-01-25,86445.6705926359,38986.61
2026-01-26,88337.4545511397,39088.17
2026-01-27,89260.3805397429,39101.35
2026-01-28,89177.7892507306,39211.95
2026-01-29,84520.3973106371,39263.27
2026-01-30,84017.0340292227,39350.23
2026-01-31,78702.38550263,39484.36
2026-02-01,76911.0523772648,39487.59
2026-02-02,78716.6018088837,39545.93
2026-02-03,75684.7660277616,39548.54
2026-02-04,73095.1914646406,39601.36
2026-02-05,63494.6884456458,39541.31
2026-02-06,70647.6982188778,39684.6
2026-02-07,69166.2594424313,39822.63
2026-02-08,70522.5892393337,39821.53
2026-02-09,70244.1017773232,39778.37
2026-02-10,68688.793113384,39678.32
2026-02-11,66989.7165920514,39754.82
2026-02-12,66221.5443115137,39823.11
2026-02-13,68860.8411633548,39837.45
2026-02-14,69798.0791253653,39987.49
2026-02-15,68629.9599760374,40079.68
2026-02-16,68747.4380286383,40055.82
2026-02-17,67471.0508465809,40193.87
2026-02-18,66380.7069611339,39920.19
2026-02-19,66932.3522118644,40254.52
2026-02-20,67977.3092612507,40432.65
2026-02-21,68020.6677612507,40587.69
2026-02-22,67550.0240768556,40763.42
2026-02-23,64689.9123308007,40812.8
2026-02-24,64123.7510780245,41054.45
2026-02-25,68038.5221794272,41213.2
2026-02-26,67519.2645292227,41365.62
2026-02-27,65864.1358170661,41533.59
2026-02-28,66965.6353091759,41752.96
2026-03-01,65733.5212597896,41858.31
2026-03-02,68922.6242974869,41878.3
2026-03-03,68431.1740306838,41985.48
2026-03-04,72667.4630575687,42057.59
2026-03-05,70987.427176505,42089.32
2026-03-06,68226.7053927528,42138.12
2026-03-07,67315.5529135009,42321.83
2026-03-08,66202.6978731736,42408.75
2026-03-09,68528.5384699007,42385.47
2026-03-10,69891.8238576856,42355.52
2026-03-11,70298.5753530099,42258.7
2026-03-12,70538.1074623027,42206.17
2026-03-13,70930.0132793688,42192.31
2026-03-14,71136.2179199299,42185.26
2026-03-15,72712.1461957919,42165.77
2026-03-16,74723.9575534775,42146.31
2026-03-17,74086.013609585,42151.49
2026-03-18,71253.9579275278,42273.32
2026-03-19,69948.9048267095,42489.44
2026-03-20,70510.4196797194,42597.03
2026-03-21,69707.285009059,42707.2
2026-03-22,68018.1534815897,42777.04
2026-03-23,70726.2110461718,42819.41
2026-03-24,70610.0187121566,42843.77
2026-03-25,71281.2973921683,42881.91
2026-03-26,68722.9718366452,43010.68
2026-03-27,66214.1715134424,43137.62
2026-03-28,66351.0725251315,43188.62
2026-03-29,65966.7523939217,43252.94
2026-03-30,66651.2320037989,43255.1
2026-03-31,68214.8680388662,43304.44
2026-04-01,68116.8167933957,43462.93
2026-04-02,66908.3179918177,43618.77
2026-04-03,66891.7422279369,43779.08
2026-04-04,67295.1309137931,43828.55
2026-04-05,68921.8060911748,43915.57
2026-04-06,68742.9133085915,43921.6
2026-04-07,72057.1243614845,43970.01
2026-04-08,71085.0583702513,44120.05
2026-04-09,71788.6797825833,44255.98
2026-04-10,72945.0707241379,44364.27
2026-04-11,73119.1091168907,44500.53
2026-04-12,70685.3697019287,44539.12
2026-04-13,74632.7455856224,44547.03
2026-04-14,74173.5083603156,44543.43
2026-04-15,74761.964654588,44614.12
2026-04-16,75095.7442159556,44677.12
2026-04-17,77114.481438048,44744.64
2026-04-18,75792.0637510228,44849.67
2026-04-19,73905.2041016949,44859.17
2026-04-20,75814.1453237873,44829.46
2026-04-21,76107.4432977791,44886.97
2026-04-22,78317.7422720631,44951.94
2026-04-23,78233.6837492694,45040.84
2026-04-24,77444.269277031,45087.81
2026-04-25,77624.7114821742,45287.37
2026-04-26,78538.7733573933,46875.89
2026-04-27,77256.297159848,47272.75
2026-04-28,76295.531117183,47292.01
2026-04-29,75795.0098530099,47282.01
2026-04-30,76299.6161285798,47275.21
2026-05-01,78132.6437852133,47291.41
2026-05-02,78712.5387317358,47315.71
2026-05-03,78649.1732893045,47328.68
2026-05-04,79826.107817066,47339.06
2026-05-05,80936.7548252484,47365.11
2026-05-06,81364.6201285798,47388.69
2026-05-07,79988.9987343659,47423.38
2026-05-08,80179.6922957335,47475.56
2026-05-09,80663.6296519579,47605.35
2026-05-10,82256.781137931,47616.78
2026-05-11,81714.7420499708,47612.69
2026-05-12,80525.563024547,47716.75
2026-05-13,79291.9110017534,47766.16
2026-05-14,81175.8271116306,47835.97
2026-05-15,79063.4145756868,47842.35
2026-05-16,78164.4952711864,47915.98
2026-05-17,77497.697113384,47938.81
2026-05-18,76975.9111998831,47927.85
2026-05-19,76807.460956166,47973.15
2026-05-20,77408.1722089421,47982.08
2026-05-21,77595.3861717446,47987.99
2026-05-22,75567.5430431093,47967.35
2026-05-23,76619.8666090415,47984.83
2026-05-24,76950.9896316365,48019.27
2026-05-25,77244.5722896786,48027.56
2026-05-26,75816.0412797019,48025.81
2026-05-27,74268.7756418995,48061.93
2026-05-28,73500.5305338925,48129.33
2026-05-29,73322.8951406751,48076.53
2026-05-30,73731.4811337376,48094.36
2026-05-31,73599.5607413209,48116.0
2026-06-01,71328.7312172998,48108.67
2026-06-02,66540.6926785798,48069.21
2026-06-03,64232.5802701052,48132.98
2026-06-04,63639.2504696786,48206.43
2026-06-05,60907.6055536879,48246.52
2026-06-06,60771.611314325,48265.48
2026-06-07,63158.25397737,48270.5
2026-06-08,63109.6166975745,48257.09
2026-06-09,61640.4602024664,48283.03
2026-06-10,61435.0773408358,48353.94
2026-06-11,63475.3191592987,48585.66
2026-06-12,63475.6376139684,48598.83
2026-06-13,64423.5445433314,48677.69
2026-06-14,65615.3266107481,48801.24
2026-06-15,66222.5866309585,48814.71
2026-06-16,65638.1446884863,48857.48
2026-06-17,64400.725126242,48908.39
2026-06-18,62835.2224827586,48956.13
2026-06-19,63307.2784012274,49005.44
2026-06-20,64220.5363933372,49090.12
2026-06-21,63365.4368950906,49165.36
2026-06-22,63923.5748693746,49169.19
2026-06-23,62593.34893045,49156.21
2026-06-24,60908.1877729398,49197.09
2026-06-25,59863.4211537113,49202.18
2026-06-26,59961.5113755114,49209.55
2026-06-27,59955.5660201637,49248.26
2026-06-28,59516.6736531268,49251.88
2026-06-29,60175.460563121,49213.04
2026-06-30,58525.0753614845,49218.88
2026-07-01,60065.5999105786,49212.27
2026-07-02,61438.1894114553,49185.37
2026-07-03,62564.6141320865,49205.2
2026-07-04,63090.4092688486,49260.7
2026-07-05,63619.8810414962,49272.27
2026-07-06,64063.0612583285,49266.03
2026-07-07,63458.1205143191,49290.59
2026-07-08,62214.0424511981,49311.49
2026-07-09,63189.3864307423,49321.34
2026-07-10,64118.6200949737,49334.09
2026-07-11,63892.7086899474,49379.73
2026-07-12,63752.2716569258,49394.34
2026-07-13,62126.5323722969,49392.52
2026-07-14,64934.4426034483,49354.96
2026-07-15,64765.0553211572,49354.52
2026-07-16,63780.1417434249,49345.29
2026-07-17,63915.9181496201,49361.18
2026-07-18,64777.6617481005,49382.91
2026-07-19,64653.0497457627,49394.35
2026-07-20,65181.9241548802,49382.75
2026-07-21,66403.0964649328,49397.2
2026-07-22,65983.1860485096,49402.42
2026-07-23,65094.4103909994,49422.11
2026-07-24,64100.1140327294,49410.85
2026-07-25,64331.3274596727,49447.74
2026-07-26,65328.7891218585,49448.09
2026-07-27,63718.2437025132,49507.21
2026-07-28,63728.4501987142,49430.61
2026-07-29,63904.6444991233,49427.0
2026-07-30,64827.5701659848,49408.66
2026-07-31,62875.1789333723,49365.32
2026-08-01,62751.8791487434,49275.57
2026-08-02,63445.6829658095,49255.35
2026-08-03,63460.0481116306,49195.92
2026-08-04,64161.470880187,49164.43
2026-08-05,64610.3074430158,49134.13
2026-08-06,64212.2673161894,49145.98
2026-08-07,64869.1683985973,49141.38
2026-08-08,65068.61,49149.29
2026-08-09,64864.9272893045,49142.41
2026-08-10,63907.7478731736,49133.58
2026-08-11,63547.4365920514,49126.06
2026-08-12,63359.3968950906,49119.92
2026-08-13,63395.0080067212,49121.87
2026-08-14,62924.7014248977,49136.0
2026-08-15,63034.4329655173,49146.58
2026-08-16,62818.4112106955,49127.2
2026-08-17,64434.1397083577,49116.47
2026-08-18,64696.1814053185,49109.79
2026-08-19,69267.8268869083,49112.24
2026-08-20,73070.9310248627,49059.0
2026-08-21,78359.170712256,49029.22
2026-08-22,77020.1308082058,49035.54
2026-08-23,77593.0280291116,49033.04
2026-08-24,78894.4979810754,49027.0
2026-08-25,78601.4032035769,49008.44
2026-08-26,78955.0443928229,48991.72
2026-08-27,80297.3961619871,48944.08
2026-08-28,77716.5892479486,48917.67
2026-08-29,78243.9320870076,48914.19
2026-08-30,77689.1906069491,48913.45
2026-08-31,78533.8892895967,48894.42
2026-09-01,78775.99,
